Helsinki-NLP/opus-mt-en-zh
facebook/nllb-200-distilled-600M
jbochi/madlad400-3b-mt
google/madlad400-3b-mt
Helsinki-NLP/opus-mt-ru-en
Helsinki-NLP/opus-mt-zh-en
facebook/mbart-large-50-many-to-many-mmt
facebook/nllb-200-3.3B
t5-small
Helsinki-NLP/opus-mt-en-de
Helsinki-NLP/opus-mt-en-mul
raynardj/wenyanwen-chinese-translate-to-ancient
larryvrh/mt5-translation-ja_zh
ai4bharat/indictrans2-en-indic-1B
google/madlad400-10b-mt
KnutJaegersberg/nllb-moe-54b-4bit
t5-11b
t5-large
Helsinki-NLP/opus-mt-ar-en
Helsinki-NLP/opus-mt-bzs-en
Helsinki-NLP/opus-mt-en-ar
Helsinki-NLP/opus-mt-en-es
Helsinki-NLP/opus-mt-en-gem
Helsinki-NLP/opus-mt-en-nl
Helsinki-NLP/opus-mt-en-ru
Helsinki-NLP/opus-mt-en-sn
Helsinki-NLP/opus-mt-es-en
Helsinki-NLP/opus-mt-ko-es
Helsinki-NLP/opus-mt-mul-en
Helsinki-NLP/opus-mt-tr-en
facebook/wmt19-de-en
facebook/wmt19-en-ru
facebook/wmt21-dense-24-wide-en-x
google/bert2bert_L-24_wmt_en_de
raynardj/wenyanwen-ancient-translate-to-modern
Helsinki-NLP/opus-mt-tc-big-en-es
facebook/nllb-200-distilled-1.3B
anzorq/m2m100_418M_ft_ru-kbd_44K
charanhu/text_to_sql_5
inseq/wmt20-mlqe-en-zh
FutureMiracle/CGEC-BART-Model
squarelike/Gugugo-koen-1.3B-V1.0
RUCAIBox/Erya4FT
DunnBC22/opus-mt-de-en-OPUS_Medical_German_to_English
Unbabel/XCOMET-XL
ai4bharat/indictrans2-en-indic-dist-200M
squarelike/Gugugo-koen-7B-V1.1-GGUF
jbochi/madlad400-7b-mt-bt
jbochi/madlad400-10b-mt
nadsoft/Faseeh-v0.1-beta
t5-3b
t5-base
Biniam/en_ti_translate
CLAck/en-km
CLAck/en-vi
CLAck/indo-mixed
CLAck/indo-pure
CLAck/vi-en
Helsinki-NLP/opus-mt-NORTH_EU-NORTH_EU
Helsinki-NLP/opus-mt-ROMANCE-en
Helsinki-NLP/opus-mt-SCANDINAVIA-SCANDINAVIA
Helsinki-NLP/opus-mt-aav-en
Helsinki-NLP/opus-mt-aed-es
Helsinki-NLP/opus-mt-af-de
Helsinki-NLP/opus-mt-af-en
Helsinki-NLP/opus-mt-af-eo
Helsinki-NLP/opus-mt-af-es
Helsinki-NLP/opus-mt-af-fi
Helsinki-NLP/opus-mt-af-fr
Helsinki-NLP/opus-mt-af-nl
Helsinki-NLP/opus-mt-af-ru
Helsinki-NLP/opus-mt-af-sv
Helsinki-NLP/opus-mt-afa-afa
Helsinki-NLP/opus-mt-afa-en
Helsinki-NLP/opus-mt-alv-en
Helsinki-NLP/opus-mt-am-sv
Helsinki-NLP/opus-mt-ar-de
Helsinki-NLP/opus-mt-ar-el
Helsinki-NLP/opus-mt-ar-eo
Helsinki-NLP/opus-mt-ar-es
Helsinki-NLP/opus-mt-ar-fr
Helsinki-NLP/opus-mt-ar-he
Helsinki-NLP/opus-mt-ar-it
Helsinki-NLP/opus-mt-ar-pl
Helsinki-NLP/opus-mt-ar-ru
Helsinki-NLP/opus-mt-ar-tr
Helsinki-NLP/opus-mt-art-en
Helsinki-NLP/opus-mt-ase-de
Helsinki-NLP/opus-mt-ase-en
Helsinki-NLP/opus-mt-ase-es
Helsinki-NLP/opus-mt-ase-fr
Helsinki-NLP/opus-mt-ase-sv
Helsinki-NLP/opus-mt-az-en
Helsinki-NLP/opus-mt-az-es
Helsinki-NLP/opus-mt-az-tr
Helsinki-NLP/opus-mt-bat-en
Helsinki-NLP/opus-mt-bcl-de
Helsinki-NLP/opus-mt-bcl-en
Helsinki-NLP/opus-mt-bcl-es
Helsinki-NLP/opus-mt-bcl-fi
Helsinki-NLP/opus-mt-bcl-fr
Helsinki-NLP/opus-mt-bcl-sv
Helsinki-NLP/opus-mt-be-es
Helsinki-NLP/opus-mt-bem-en
Helsinki-NLP/opus-mt-bem-es
Helsinki-NLP/opus-mt-bem-fi
Helsinki-NLP/opus-mt-bem-fr
Helsinki-NLP/opus-mt-bem-sv
Helsinki-NLP/opus-mt-ber-en
Helsinki-NLP/opus-mt-ber-es
Helsinki-NLP/opus-mt-ber-fr
Helsinki-NLP/opus-mt-bg-de
Helsinki-NLP/opus-mt-bg-en
Helsinki-NLP/opus-mt-bg-eo
Helsinki-NLP/opus-mt-bg-es
Helsinki-NLP/opus-mt-bg-fi
Helsinki-NLP/opus-mt-bg-fr
Helsinki-NLP/opus-mt-bg-it
Helsinki-NLP/opus-mt-bg-ru
Helsinki-NLP/opus-mt-bg-sv
Helsinki-NLP/opus-mt-bg-tr
Helsinki-NLP/opus-mt-bg-uk
Helsinki-NLP/opus-mt-bi-en
Helsinki-NLP/opus-mt-bi-es
Helsinki-NLP/opus-mt-bi-fr
Helsinki-NLP/opus-mt-bi-sv
Helsinki-NLP/opus-mt-bn-en
Helsinki-NLP/opus-mt-bnt-en
Helsinki-NLP/opus-mt-bzs-es
Helsinki-NLP/opus-mt-bzs-fi
Helsinki-NLP/opus-mt-bzs-fr
Helsinki-NLP/opus-mt-bzs-sv
Helsinki-NLP/opus-mt-ca-de
Helsinki-NLP/opus-mt-ca-en
Helsinki-NLP/opus-mt-ca-es
Helsinki-NLP/opus-mt-ca-fr
Helsinki-NLP/opus-mt-ca-it
Helsinki-NLP/opus-mt-ca-nl
Helsinki-NLP/opus-mt-ca-pt
Helsinki-NLP/opus-mt-ca-uk
Helsinki-NLP/opus-mt-cau-en
Helsinki-NLP/opus-mt-ccs-en
Helsinki-NLP/opus-mt-ceb-en
Helsinki-NLP/opus-mt-ceb-es
Helsinki-NLP/opus-mt-ceb-fi
Helsinki-NLP/opus-mt-ceb-fr
Helsinki-NLP/opus-mt-ceb-sv
Helsinki-NLP/opus-mt-cel-en
Helsinki-NLP/opus-mt-chk-en
Helsinki-NLP/opus-mt-chk-es
Helsinki-NLP/opus-mt-chk-fr
Helsinki-NLP/opus-mt-chk-sv
Helsinki-NLP/opus-mt-cpf-en
Helsinki-NLP/opus-mt-cpp-cpp
Helsinki-NLP/opus-mt-cpp-en
Helsinki-NLP/opus-mt-crs-de
Helsinki-NLP/opus-mt-crs-en
Helsinki-NLP/opus-mt-crs-es
Helsinki-NLP/opus-mt-crs-fi
Helsinki-NLP/opus-mt-crs-fr
Helsinki-NLP/opus-mt-crs-sv
Helsinki-NLP/opus-mt-cs-de
Helsinki-NLP/opus-mt-cs-en
Helsinki-NLP/opus-mt-cs-eo
Helsinki-NLP/opus-mt-cs-fi
Helsinki-NLP/opus-mt-cs-fr
Helsinki-NLP/opus-mt-cs-sv
Helsinki-NLP/opus-mt-cs-uk
Helsinki-NLP/opus-mt-csg-es
Helsinki-NLP/opus-mt-csn-es
Helsinki-NLP/opus-mt-cus-en
Helsinki-NLP/opus-mt-cy-en
Helsinki-NLP/opus-mt-da-de
Helsinki-NLP/opus-mt-da-en
Helsinki-NLP/opus-mt-da-eo
Helsinki-NLP/opus-mt-da-es
Helsinki-NLP/opus-mt-da-fi
Helsinki-NLP/opus-mt-da-fr
Helsinki-NLP/opus-mt-da-no
Helsinki-NLP/opus-mt-da-ru
Helsinki-NLP/opus-mt-de-ZH
Helsinki-NLP/opus-mt-de-af
Helsinki-NLP/opus-mt-de-ar
Helsinki-NLP/opus-mt-de-ase
Helsinki-NLP/opus-mt-de-bcl
Helsinki-NLP/opus-mt-de-bg
Helsinki-NLP/opus-mt-de-bi
Helsinki-NLP/opus-mt-de-bzs
Helsinki-NLP/opus-mt-de-ca
Helsinki-NLP/opus-mt-de-crs
Helsinki-NLP/opus-mt-de-cs
Helsinki-NLP/opus-mt-de-da
Helsinki-NLP/opus-mt-de-de
Helsinki-NLP/opus-mt-de-ee
Helsinki-NLP/opus-mt-de-efi
Helsinki-NLP/opus-mt-de-el
Helsinki-NLP/opus-mt-de-en
Helsinki-NLP/opus-mt-de-eo
Helsinki-NLP/opus-mt-de-es
Helsinki-NLP/opus-mt-de-et
Helsinki-NLP/opus-mt-de-eu
Helsinki-NLP/opus-mt-de-fi
Helsinki-NLP/opus-mt-de-fj
Helsinki-NLP/opus-mt-de-fr
Helsinki-NLP/opus-mt-de-gaa
Helsinki-NLP/opus-mt-de-gil
Helsinki-NLP/opus-mt-de-guw
Helsinki-NLP/opus-mt-de-ha
Helsinki-NLP/opus-mt-de-he
Helsinki-NLP/opus-mt-de-hil
Helsinki-NLP/opus-mt-de-ho
Helsinki-NLP/opus-mt-de-hr
Helsinki-NLP/opus-mt-de-ht
Helsinki-NLP/opus-mt-de-hu
Helsinki-NLP/opus-mt-de-ig
Helsinki-NLP/opus-mt-de-ilo
Helsinki-NLP/opus-mt-de-is
Helsinki-NLP/opus-mt-de-iso
Helsinki-NLP/opus-mt-de-it
Helsinki-NLP/opus-mt-de-kg
Helsinki-NLP/opus-mt-de-ln
Helsinki-NLP/opus-mt-de-loz
Helsinki-NLP/opus-mt-de-lt
Helsinki-NLP/opus-mt-de-lua
Helsinki-NLP/opus-mt-de-ms
Helsinki-NLP/opus-mt-de-mt
Helsinki-NLP/opus-mt-de-niu
Helsinki-NLP/opus-mt-de-nl
Helsinki-NLP/opus-mt-de-no
Helsinki-NLP/opus-mt-de-nso
Helsinki-NLP/opus-mt-de-ny
Helsinki-NLP/opus-mt-de-pag
Helsinki-NLP/opus-mt-de-pap
Helsinki-NLP/opus-mt-de-pis
Helsinki-NLP/opus-mt-de-pl
Helsinki-NLP/opus-mt-de-pon
Helsinki-NLP/opus-mt-de-tl
Helsinki-NLP/opus-mt-de-uk
Helsinki-NLP/opus-mt-de-vi
Helsinki-NLP/opus-mt-dra-en
Helsinki-NLP/opus-mt-ee-de
Helsinki-NLP/opus-mt-ee-en
Helsinki-NLP/opus-mt-ee-es
Helsinki-NLP/opus-mt-ee-fi
Helsinki-NLP/opus-mt-ee-fr
Helsinki-NLP/opus-mt-ee-sv
Helsinki-NLP/opus-mt-efi-de
Helsinki-NLP/opus-mt-efi-en
Helsinki-NLP/opus-mt-efi-fi
Helsinki-NLP/opus-mt-efi-fr
Helsinki-NLP/opus-mt-efi-sv
Helsinki-NLP/opus-mt-el-ar
Helsinki-NLP/opus-mt-el-eo
Helsinki-NLP/opus-mt-el-fi
Helsinki-NLP/opus-mt-el-fr
Helsinki-NLP/opus-mt-el-sv
Helsinki-NLP/opus-mt-en-CELTIC
Helsinki-NLP/opus-mt-en-ROMANCE
Helsinki-NLP/opus-mt-en-aav
Helsinki-NLP/opus-mt-en-af
Helsinki-NLP/opus-mt-en-afa
Helsinki-NLP/opus-mt-en-alv
Helsinki-NLP/opus-mt-en-az
Helsinki-NLP/opus-mt-en-bat
Helsinki-NLP/opus-mt-en-bcl
Helsinki-NLP/opus-mt-en-bem
Helsinki-NLP/opus-mt-en-ber
Helsinki-NLP/opus-mt-en-bg
Helsinki-NLP/opus-mt-en-bi
Helsinki-NLP/opus-mt-en-bnt
Helsinki-NLP/opus-mt-en-bzs
Helsinki-NLP/opus-mt-en-ca
Helsinki-NLP/opus-mt-en-ceb
Helsinki-NLP/opus-mt-en-cel
Helsinki-NLP/opus-mt-en-chk
Helsinki-NLP/opus-mt-en-cpf
Helsinki-NLP/opus-mt-en-cpp
Helsinki-NLP/opus-mt-en-crs
Helsinki-NLP/opus-mt-en-cs
Helsinki-NLP/opus-mt-en-cus
Helsinki-NLP/opus-mt-en-cy
Helsinki-NLP/opus-mt-en-da
Helsinki-NLP/opus-mt-en-dra
Helsinki-NLP/opus-mt-en-ee
Helsinki-NLP/opus-mt-en-efi
Helsinki-NLP/opus-mt-en-el
Helsinki-NLP/opus-mt-en-eo
Helsinki-NLP/opus-mt-en-et
Helsinki-NLP/opus-mt-en-eu
Helsinki-NLP/opus-mt-en-euq
Helsinki-NLP/opus-mt-en-fi
Helsinki-NLP/opus-mt-en-fiu
Helsinki-NLP/opus-mt-en-fj
Helsinki-NLP/opus-mt-en-fr
Helsinki-NLP/opus-mt-en-ga
Helsinki-NLP/opus-mt-en-gaa
Helsinki-NLP/opus-mt-en-gil
Helsinki-NLP/opus-mt-en-gl
Helsinki-NLP/opus-mt-en-gmq
Helsinki-NLP/opus-mt-en-gmw
Helsinki-NLP/opus-mt-en-grk
Helsinki-NLP/opus-mt-en-guw
Helsinki-NLP/opus-mt-en-gv
Helsinki-NLP/opus-mt-en-ha
Helsinki-NLP/opus-mt-en-he
Helsinki-NLP/opus-mt-en-hi
Helsinki-NLP/opus-mt-en-hil
Helsinki-NLP/opus-mt-en-ho
Helsinki-NLP/opus-mt-en-ht
Helsinki-NLP/opus-mt-en-hu
Helsinki-NLP/opus-mt-en-hy
Helsinki-NLP/opus-mt-en-id
Helsinki-NLP/opus-mt-en-ig
Helsinki-NLP/opus-mt-en-iir
Helsinki-NLP/opus-mt-en-ilo
Helsinki-NLP/opus-mt-en-inc
Helsinki-NLP/opus-mt-en-ine
Helsinki-NLP/opus-mt-en-is
Helsinki-NLP/opus-mt-en-iso
Helsinki-NLP/opus-mt-en-it
Helsinki-NLP/opus-mt-en-itc
Helsinki-NLP/opus-mt-en-jap
Helsinki-NLP/opus-mt-en-kg
Helsinki-NLP/opus-mt-en-kj
Helsinki-NLP/opus-mt-en-kqn
Helsinki-NLP/opus-mt-en-kwn
Helsinki-NLP/opus-mt-en-kwy
Helsinki-NLP/opus-mt-en-lg
Helsinki-NLP/opus-mt-en-ln
Helsinki-NLP/opus-mt-en-loz
Helsinki-NLP/opus-mt-en-lu
Helsinki-NLP/opus-mt-en-lua
Helsinki-NLP/opus-mt-en-lue
Helsinki-NLP/opus-mt-en-lun
Helsinki-NLP/opus-mt-en-luo
Helsinki-NLP/opus-mt-en-lus
Helsinki-NLP/opus-mt-en-map
Helsinki-NLP/opus-mt-en-mfe
Helsinki-NLP/opus-mt-en-mg
Helsinki-NLP/opus-mt-en-mh
Helsinki-NLP/opus-mt-en-mk
Helsinki-NLP/opus-mt-en-mkh
Helsinki-NLP/opus-mt-en-ml
Helsinki-NLP/opus-mt-en-mos
Helsinki-NLP/opus-mt-en-mr
Helsinki-NLP/opus-mt-en-mt
Helsinki-NLP/opus-mt-en-ng
Helsinki-NLP/opus-mt-en-nic
Helsinki-NLP/opus-mt-en-niu
Helsinki-NLP/opus-mt-en-nso
Helsinki-NLP/opus-mt-en-ny
Helsinki-NLP/opus-mt-en-nyk
Helsinki-NLP/opus-mt-en-om
Helsinki-NLP/opus-mt-en-pag
Helsinki-NLP/opus-mt-en-pap
Helsinki-NLP/opus-mt-en-phi
Helsinki-NLP/opus-mt-en-pis
Helsinki-NLP/opus-mt-en-pon
Helsinki-NLP/opus-mt-en-poz
Helsinki-NLP/opus-mt-en-pqe
Helsinki-NLP/opus-mt-en-pqw
Helsinki-NLP/opus-mt-en-rn
Helsinki-NLP/opus-mt-en-rnd
Helsinki-NLP/opus-mt-en-ro
Helsinki-NLP/opus-mt-en-roa
Helsinki-NLP/opus-mt-en-run
Helsinki-NLP/opus-mt-en-rw
Helsinki-NLP/opus-mt-en-sal
Helsinki-NLP/opus-mt-en-sem
Helsinki-NLP/opus-mt-en-sg
Helsinki-NLP/opus-mt-en-sit
Helsinki-NLP/opus-mt-en-sk
Helsinki-NLP/opus-mt-en-sla
Helsinki-NLP/opus-mt-en-sm
Helsinki-NLP/opus-mt-en-sq
Helsinki-NLP/opus-mt-en-ss
Helsinki-NLP/opus-mt-en-st
Helsinki-NLP/opus-mt-en-sv
Helsinki-NLP/opus-mt-en-sw
Helsinki-NLP/opus-mt-en-swc
Helsinki-NLP/opus-mt-en-tdt
Helsinki-NLP/opus-mt-en-ti
Helsinki-NLP/opus-mt-en-tiv
Helsinki-NLP/opus-mt-en-tl
Helsinki-NLP/opus-mt-en-tll
Helsinki-NLP/opus-mt-en-tn
Helsinki-NLP/opus-mt-en-to
Helsinki-NLP/opus-mt-en-toi
Helsinki-NLP/opus-mt-en-tpi
Helsinki-NLP/opus-mt-en-trk
Helsinki-NLP/opus-mt-en-ts
Helsinki-NLP/opus-mt-en-tut
Helsinki-NLP/opus-mt-en-tvl
Helsinki-NLP/opus-mt-en-tw
Helsinki-NLP/opus-mt-en-ty
Helsinki-NLP/opus-mt-en-uk
Helsinki-NLP/opus-mt-en-umb
Helsinki-NLP/opus-mt-en-ur
Helsinki-NLP/opus-mt-en-urj
Helsinki-NLP/opus-mt-en-vi
Helsinki-NLP/opus-mt-en-xh
Helsinki-NLP/opus-mt-en-zle
Helsinki-NLP/opus-mt-en-zls
Helsinki-NLP/opus-mt-en-zlw
Helsinki-NLP/opus-mt-en_el_es_fi-en_el_es_fi
Helsinki-NLP/opus-mt-eo-af
Helsinki-NLP/opus-mt-eo-bg
Helsinki-NLP/opus-mt-eo-cs
Helsinki-NLP/opus-mt-eo-da
Helsinki-NLP/opus-mt-eo-de
Helsinki-NLP/opus-mt-eo-el
Helsinki-NLP/opus-mt-eo-en
Helsinki-NLP/opus-mt-eo-es
Helsinki-NLP/opus-mt-eo-fi
Helsinki-NLP/opus-mt-eo-fr
Helsinki-NLP/opus-mt-eo-he
Helsinki-NLP/opus-mt-eo-hu
Helsinki-NLP/opus-mt-eo-it
Helsinki-NLP/opus-mt-eo-nl
Helsinki-NLP/opus-mt-eo-pl
Helsinki-NLP/opus-mt-eo-pt
Helsinki-NLP/opus-mt-eo-ro
Helsinki-NLP/opus-mt-eo-ru
Helsinki-NLP/opus-mt-eo-sh
Helsinki-NLP/opus-mt-eo-sv
Helsinki-NLP/opus-mt-es-NORWAY
Helsinki-NLP/opus-mt-es-aed
Helsinki-NLP/opus-mt-es-af
Helsinki-NLP/opus-mt-es-ar
Helsinki-NLP/opus-mt-es-ase
Helsinki-NLP/opus-mt-es-bcl
Helsinki-NLP/opus-mt-es-ber
Helsinki-NLP/opus-mt-es-bg
Helsinki-NLP/opus-mt-es-bi
Helsinki-NLP/opus-mt-es-bzs
Helsinki-NLP/opus-mt-es-ca
Helsinki-NLP/opus-mt-es-ceb
Helsinki-NLP/opus-mt-es-crs
Helsinki-NLP/opus-mt-es-cs
Helsinki-NLP/opus-mt-es-csg
Helsinki-NLP/opus-mt-es-csn
Helsinki-NLP/opus-mt-es-da
Helsinki-NLP/opus-mt-es-de
Helsinki-NLP/opus-mt-es-ee
Helsinki-NLP/opus-mt-es-efi
Helsinki-NLP/opus-mt-es-el
Helsinki-NLP/opus-mt-es-eo
Helsinki-NLP/opus-mt-es-es
Helsinki-NLP/opus-mt-es-et
Helsinki-NLP/opus-mt-es-eu
Helsinki-NLP/opus-mt-es-fi
Helsinki-NLP/opus-mt-es-fj
Helsinki-NLP/opus-mt-es-fr
Helsinki-NLP/opus-mt-es-gaa
Helsinki-NLP/opus-mt-es-gil
Helsinki-NLP/opus-mt-es-gl
Helsinki-NLP/opus-mt-es-guw
Helsinki-NLP/opus-mt-es-ha
Helsinki-NLP/opus-mt-es-he
Helsinki-NLP/opus-mt-es-hil
Helsinki-NLP/opus-mt-es-ho
Helsinki-NLP/opus-mt-es-hr
Helsinki-NLP/opus-mt-es-ht
Helsinki-NLP/opus-mt-es-id
Helsinki-NLP/opus-mt-es-ig
Helsinki-NLP/opus-mt-es-ilo
Helsinki-NLP/opus-mt-es-is
Helsinki-NLP/opus-mt-es-iso
Helsinki-NLP/opus-mt-es-it
Helsinki-NLP/opus-mt-es-kg
Helsinki-NLP/opus-mt-es-ln
Helsinki-NLP/opus-mt-es-loz
Helsinki-NLP/opus-mt-es-lt
Helsinki-NLP/opus-mt-es-lua
Helsinki-NLP/opus-mt-es-lus
Helsinki-NLP/opus-mt-es-mfs
Helsinki-NLP/opus-mt-es-mk
Helsinki-NLP/opus-mt-es-mt
Helsinki-NLP/opus-mt-es-niu
Helsinki-NLP/opus-mt-es-nl
Helsinki-NLP/opus-mt-es-no
Helsinki-NLP/opus-mt-es-nso
Helsinki-NLP/opus-mt-es-ny
Helsinki-NLP/opus-mt-es-pag
Helsinki-NLP/opus-mt-es-pap
Helsinki-NLP/opus-mt-es-pis
Helsinki-NLP/opus-mt-es-pl
Helsinki-NLP/opus-mt-es-pon
Helsinki-NLP/opus-mt-es-prl
Helsinki-NLP/opus-mt-es-rn
Helsinki-NLP/opus-mt-es-ro
Helsinki-NLP/opus-mt-es-ru
Helsinki-NLP/opus-mt-es-rw
Helsinki-NLP/opus-mt-es-sg
Helsinki-NLP/opus-mt-es-sl
Helsinki-NLP/opus-mt-es-sm
Helsinki-NLP/opus-mt-es-sn
Helsinki-NLP/opus-mt-es-srn
Helsinki-NLP/opus-mt-es-st
Helsinki-NLP/opus-mt-es-swc
Helsinki-NLP/opus-mt-es-tl
Helsinki-NLP/opus-mt-es-tll
Helsinki-NLP/opus-mt-es-tn
Helsinki-NLP/opus-mt-es-to
Helsinki-NLP/opus-mt-es-tpi
Helsinki-NLP/opus-mt-es-tvl
Helsinki-NLP/opus-mt-es-tw
Helsinki-NLP/opus-mt-es-ty
Helsinki-NLP/opus-mt-es-tzo
Helsinki-NLP/opus-mt-es-uk
Helsinki-NLP/opus-mt-es-ve
Helsinki-NLP/opus-mt-es-vi
Helsinki-NLP/opus-mt-es-war
Helsinki-NLP/opus-mt-es-wls
Helsinki-NLP/opus-mt-es-xh
Helsinki-NLP/opus-mt-es-yo
Helsinki-NLP/opus-mt-es-yua
Helsinki-NLP/opus-mt-es-zai
Helsinki-NLP/opus-mt-et-de
Helsinki-NLP/opus-mt-et-en
Helsinki-NLP/opus-mt-et-es
Helsinki-NLP/opus-mt-et-fi
Helsinki-NLP/opus-mt-et-fr
Helsinki-NLP/opus-mt-et-ru
Helsinki-NLP/opus-mt-et-sv
Helsinki-NLP/opus-mt-eu-de
Helsinki-NLP/opus-mt-eu-en
Helsinki-NLP/opus-mt-eu-es
Helsinki-NLP/opus-mt-eu-ru
Helsinki-NLP/opus-mt-euq-en
Helsinki-NLP/opus-mt-fi-NORWAY
Helsinki-NLP/opus-mt-fi-ZH
Helsinki-NLP/opus-mt-fi-af
Helsinki-NLP/opus-mt-fi-bcl
Helsinki-NLP/opus-mt-fi-bem
Helsinki-NLP/opus-mt-fi-bg
Helsinki-NLP/opus-mt-fi-bzs
Helsinki-NLP/opus-mt-fi-ceb
Helsinki-NLP/opus-mt-fi-crs
Helsinki-NLP/opus-mt-fi-cs
Helsinki-NLP/opus-mt-fi-de
Helsinki-NLP/opus-mt-fi-ee
Helsinki-NLP/opus-mt-fi-efi
Helsinki-NLP/opus-mt-fi-el
Helsinki-NLP/opus-mt-fi-en
Helsinki-NLP/opus-mt-fi-eo
Helsinki-NLP/opus-mt-fi-es
Helsinki-NLP/opus-mt-fi-et
Helsinki-NLP/opus-mt-fi-fi
Helsinki-NLP/opus-mt-fi-fj
Helsinki-NLP/opus-mt-fi-fr
Helsinki-NLP/opus-mt-fi-fse
Helsinki-NLP/opus-mt-fi-gaa
Helsinki-NLP/opus-mt-fi-gil
Helsinki-NLP/opus-mt-fi-guw
Helsinki-NLP/opus-mt-fi-ha
Helsinki-NLP/opus-mt-fi-he
Helsinki-NLP/opus-mt-fi-hil
Helsinki-NLP/opus-mt-fi-ho
Helsinki-NLP/opus-mt-fi-hr
Helsinki-NLP/opus-mt-fi-ht
Helsinki-NLP/opus-mt-fi-hu
Helsinki-NLP/opus-mt-fi-id
Helsinki-NLP/opus-mt-fi-ig
Helsinki-NLP/opus-mt-fi-ilo
Helsinki-NLP/opus-mt-fi-is
Helsinki-NLP/opus-mt-fi-iso
Helsinki-NLP/opus-mt-fi-it
Helsinki-NLP/opus-mt-fi-kg
Helsinki-NLP/opus-mt-fi-kqn
Helsinki-NLP/opus-mt-fi-lg
Helsinki-NLP/opus-mt-fi-ln
Helsinki-NLP/opus-mt-fi-lu
Helsinki-NLP/opus-mt-fi-lua
Helsinki-NLP/opus-mt-fi-lue
Helsinki-NLP/opus-mt-fi-lus
Helsinki-NLP/opus-mt-fi-lv
Helsinki-NLP/opus-mt-fi-mfe
Helsinki-NLP/opus-mt-fi-mg
Helsinki-NLP/opus-mt-fi-mh
Helsinki-NLP/opus-mt-fi-mk
Helsinki-NLP/opus-mt-fi-mos
Helsinki-NLP/opus-mt-fi-mt
Helsinki-NLP/opus-mt-fi-niu
Helsinki-NLP/opus-mt-fi-nl
Helsinki-NLP/opus-mt-fi-no
Helsinki-NLP/opus-mt-fi-nso
Helsinki-NLP/opus-mt-fi-ny
Helsinki-NLP/opus-mt-fi-pag
Helsinki-NLP/opus-mt-fi-pap
Helsinki-NLP/opus-mt-fi-pis
Helsinki-NLP/opus-mt-fi-pon
Helsinki-NLP/opus-mt-fi-ro
Helsinki-NLP/opus-mt-fi-ru
Helsinki-NLP/opus-mt-fi-run
Helsinki-NLP/opus-mt-fi-rw
Helsinki-NLP/opus-mt-fi-sg
Helsinki-NLP/opus-mt-fi-sk
Helsinki-NLP/opus-mt-fi-sl
Helsinki-NLP/opus-mt-fi-sm
Helsinki-NLP/opus-mt-fi-sn
Helsinki-NLP/opus-mt-fi-sq
Helsinki-NLP/opus-mt-fi-srn
Helsinki-NLP/opus-mt-fi-st
Helsinki-NLP/opus-mt-fi-sv
Helsinki-NLP/opus-mt-fi-sw
Helsinki-NLP/opus-mt-fi-swc
Helsinki-NLP/opus-mt-fi-tiv
Helsinki-NLP/opus-mt-fi-tll
Helsinki-NLP/opus-mt-fi-tn
Helsinki-NLP/opus-mt-fi-to
Helsinki-NLP/opus-mt-fi-toi
Helsinki-NLP/opus-mt-fi-tpi
Helsinki-NLP/opus-mt-fi-tr
Helsinki-NLP/opus-mt-fi-ts
Helsinki-NLP/opus-mt-fi-tvl
Helsinki-NLP/opus-mt-fi-tw
Helsinki-NLP/opus-mt-fi-ty
Helsinki-NLP/opus-mt-fi-uk
Helsinki-NLP/opus-mt-fi-ve
Helsinki-NLP/opus-mt-fi-war
Helsinki-NLP/opus-mt-fi-wls
Helsinki-NLP/opus-mt-fi-xh
Helsinki-NLP/opus-mt-fi-yap
Helsinki-NLP/opus-mt-fi-yo
Helsinki-NLP/opus-mt-fi-zne
Helsinki-NLP/opus-mt-fi_nb_no_nn_ru_sv_en-SAMI
Helsinki-NLP/opus-mt-fiu-en
Helsinki-NLP/opus-mt-fiu-fiu
Helsinki-NLP/opus-mt-fj-en
Helsinki-NLP/opus-mt-fj-fr
Helsinki-NLP/opus-mt-fr-af
Helsinki-NLP/opus-mt-fr-ar
Helsinki-NLP/opus-mt-fr-ase
Helsinki-NLP/opus-mt-fr-bcl
Helsinki-NLP/opus-mt-fr-bem
Helsinki-NLP/opus-mt-fr-ber
Helsinki-NLP/opus-mt-fr-bg
Helsinki-NLP/opus-mt-fr-bi
Helsinki-NLP/opus-mt-fr-bzs
Helsinki-NLP/opus-mt-fr-ca
Helsinki-NLP/opus-mt-fr-ceb
Helsinki-NLP/opus-mt-fr-crs
Helsinki-NLP/opus-mt-fr-de
Helsinki-NLP/opus-mt-fr-ee
Helsinki-NLP/opus-mt-fr-efi
Helsinki-NLP/opus-mt-fr-el
Helsinki-NLP/opus-mt-fr-en
Helsinki-NLP/opus-mt-fr-eo
Helsinki-NLP/opus-mt-fr-es
Helsinki-NLP/opus-mt-fr-fj
Helsinki-NLP/opus-mt-fr-gaa
Helsinki-NLP/opus-mt-fr-gil
Helsinki-NLP/opus-mt-fr-guw
Helsinki-NLP/opus-mt-fr-ha
Helsinki-NLP/opus-mt-fr-he
Helsinki-NLP/opus-mt-fr-hil
Helsinki-NLP/opus-mt-fr-ho
Helsinki-NLP/opus-mt-fr-hr
Helsinki-NLP/opus-mt-fr-ht
Helsinki-NLP/opus-mt-fr-hu
Helsinki-NLP/opus-mt-fr-id
Helsinki-NLP/opus-mt-fr-ig
Helsinki-NLP/opus-mt-fr-ilo
Helsinki-NLP/opus-mt-fr-iso
Helsinki-NLP/opus-mt-fr-kg
Helsinki-NLP/opus-mt-fr-kqn
Helsinki-NLP/opus-mt-fr-kwy
Helsinki-NLP/opus-mt-fr-lg
Helsinki-NLP/opus-mt-fr-ln
Helsinki-NLP/opus-mt-fr-loz
Helsinki-NLP/opus-mt-fr-lu
Helsinki-NLP/opus-mt-fr-lua
Helsinki-NLP/opus-mt-fr-lue
Helsinki-NLP/opus-mt-fr-lus
Helsinki-NLP/opus-mt-fr-mfe
Helsinki-NLP/opus-mt-fr-mh
Helsinki-NLP/opus-mt-fr-mos
Helsinki-NLP/opus-mt-fr-ms
Helsinki-NLP/opus-mt-fr-mt
Helsinki-NLP/opus-mt-fr-niu
Helsinki-NLP/opus-mt-fr-no
Helsinki-NLP/opus-mt-fr-nso
Helsinki-NLP/opus-mt-fr-ny
Helsinki-NLP/opus-mt-fr-pag
Helsinki-NLP/opus-mt-fr-pap
Helsinki-NLP/opus-mt-fr-pis
Helsinki-NLP/opus-mt-fr-pl
Helsinki-NLP/opus-mt-fr-pon
Helsinki-NLP/opus-mt-fr-rnd
Helsinki-NLP/opus-mt-fr-ro
Helsinki-NLP/opus-mt-fr-ru
Helsinki-NLP/opus-mt-fr-run
Helsinki-NLP/opus-mt-fr-rw
Helsinki-NLP/opus-mt-fr-sg
Helsinki-NLP/opus-mt-fr-sk
Helsinki-NLP/opus-mt-fr-sl
Helsinki-NLP/opus-mt-fr-sm
Helsinki-NLP/opus-mt-fr-sn
Helsinki-NLP/opus-mt-fr-srn
Helsinki-NLP/opus-mt-fr-st
Helsinki-NLP/opus-mt-fr-sv
Helsinki-NLP/opus-mt-fr-swc
Helsinki-NLP/opus-mt-fr-tiv
Helsinki-NLP/opus-mt-fr-tl
Helsinki-NLP/opus-mt-fr-tll
Helsinki-NLP/opus-mt-fr-tn
Helsinki-NLP/opus-mt-fr-to
Helsinki-NLP/opus-mt-fr-tpi
Helsinki-NLP/opus-mt-fr-ts
Helsinki-NLP/opus-mt-fr-tum
Helsinki-NLP/opus-mt-fr-tvl
Helsinki-NLP/opus-mt-fr-tw
Helsinki-NLP/opus-mt-fr-ty
Helsinki-NLP/opus-mt-fr-uk
Helsinki-NLP/opus-mt-fr-ve
Helsinki-NLP/opus-mt-fr-vi
Helsinki-NLP/opus-mt-fr-war
Helsinki-NLP/opus-mt-fr-wls
Helsinki-NLP/opus-mt-fr-xh
Helsinki-NLP/opus-mt-fr-yap
Helsinki-NLP/opus-mt-fr-yo
Helsinki-NLP/opus-mt-fr-zne
Helsinki-NLP/opus-mt-fse-fi
Helsinki-NLP/opus-mt-ga-en
Helsinki-NLP/opus-mt-gaa-de
Helsinki-NLP/opus-mt-gaa-en
Helsinki-NLP/opus-mt-gaa-es
Helsinki-NLP/opus-mt-gaa-fi
Helsinki-NLP/opus-mt-gaa-fr
Helsinki-NLP/opus-mt-gaa-sv
Helsinki-NLP/opus-mt-gem-en
Helsinki-NLP/opus-mt-gem-gem
Helsinki-NLP/opus-mt-gil-en
Helsinki-NLP/opus-mt-gil-es
Helsinki-NLP/opus-mt-gil-fi
Helsinki-NLP/opus-mt-gil-fr
Helsinki-NLP/opus-mt-gil-sv
Helsinki-NLP/opus-mt-gl-en
Helsinki-NLP/opus-mt-gl-es
Helsinki-NLP/opus-mt-gl-pt
Helsinki-NLP/opus-mt-gmq-en
Helsinki-NLP/opus-mt-gmq-gmq
Helsinki-NLP/opus-mt-gmw-en
Helsinki-NLP/opus-mt-gmw-gmw
Helsinki-NLP/opus-mt-grk-en
Helsinki-NLP/opus-mt-guw-de
Helsinki-NLP/opus-mt-guw-en
Helsinki-NLP/opus-mt-guw-es
Helsinki-NLP/opus-mt-guw-fi
Helsinki-NLP/opus-mt-guw-fr
Helsinki-NLP/opus-mt-guw-sv
Helsinki-NLP/opus-mt-gv-en
Helsinki-NLP/opus-mt-ha-en
Helsinki-NLP/opus-mt-ha-es
Helsinki-NLP/opus-mt-ha-fi
Helsinki-NLP/opus-mt-ha-fr
Helsinki-NLP/opus-mt-ha-sv
Helsinki-NLP/opus-mt-he-ar
Helsinki-NLP/opus-mt-he-de
Helsinki-NLP/opus-mt-he-eo
Helsinki-NLP/opus-mt-he-es
Helsinki-NLP/opus-mt-he-fi
Helsinki-NLP/opus-mt-he-it
Helsinki-NLP/opus-mt-he-ru
Helsinki-NLP/opus-mt-he-sv
Helsinki-NLP/opus-mt-he-uk
Helsinki-NLP/opus-mt-hi-en
Helsinki-NLP/opus-mt-hi-ur
Helsinki-NLP/opus-mt-hil-de
Helsinki-NLP/opus-mt-hil-en
Helsinki-NLP/opus-mt-hil-fi
Helsinki-NLP/opus-mt-ho-en
Helsinki-NLP/opus-mt-hr-es
Helsinki-NLP/opus-mt-hr-fi
Helsinki-NLP/opus-mt-hr-fr
Helsinki-NLP/opus-mt-hr-sv
Helsinki-NLP/opus-mt-ht-en
Helsinki-NLP/opus-mt-ht-es
Helsinki-NLP/opus-mt-ht-fi
Helsinki-NLP/opus-mt-ht-fr
Helsinki-NLP/opus-mt-ht-sv
Helsinki-NLP/opus-mt-hu-de
Helsinki-NLP/opus-mt-hu-en
Helsinki-NLP/opus-mt-hu-eo
Helsinki-NLP/opus-mt-hu-fi
Helsinki-NLP/opus-mt-hu-fr
Helsinki-NLP/opus-mt-hu-sv
Helsinki-NLP/opus-mt-hu-uk
Helsinki-NLP/opus-mt-hy-en
Helsinki-NLP/opus-mt-hy-ru
Helsinki-NLP/opus-mt-id-en
Helsinki-NLP/opus-mt-id-es
Helsinki-NLP/opus-mt-id-fi
Helsinki-NLP/opus-mt-id-fr
Helsinki-NLP/opus-mt-id-sv
Helsinki-NLP/opus-mt-ig-de
Helsinki-NLP/opus-mt-ig-en
Helsinki-NLP/opus-mt-ig-es
Helsinki-NLP/opus-mt-ig-fi
Helsinki-NLP/opus-mt-ig-fr
Helsinki-NLP/opus-mt-ig-sv
Helsinki-NLP/opus-mt-iir-en
Helsinki-NLP/opus-mt-iir-iir
Helsinki-NLP/opus-mt-ilo-de
Helsinki-NLP/opus-mt-ilo-en
Helsinki-NLP/opus-mt-ilo-es
Helsinki-NLP/opus-mt-ilo-fi
Helsinki-NLP/opus-mt-ilo-sv
Helsinki-NLP/opus-mt-inc-en
Helsinki-NLP/opus-mt-inc-inc
Helsinki-NLP/opus-mt-ine-en
Helsinki-NLP/opus-mt-ine-ine
Helsinki-NLP/opus-mt-is-de
Helsinki-NLP/opus-mt-is-en
Helsinki-NLP/opus-mt-is-eo
Helsinki-NLP/opus-mt-is-es
Helsinki-NLP/opus-mt-is-fi
Helsinki-NLP/opus-mt-is-fr
Helsinki-NLP/opus-mt-is-it
Helsinki-NLP/opus-mt-is-sv
Helsinki-NLP/opus-mt-iso-en
Helsinki-NLP/opus-mt-iso-es
Helsinki-NLP/opus-mt-iso-fi
Helsinki-NLP/opus-mt-iso-fr
Helsinki-NLP/opus-mt-iso-sv
Helsinki-NLP/opus-mt-it-ar
Helsinki-NLP/opus-mt-it-bg
Helsinki-NLP/opus-mt-it-ca
Helsinki-NLP/opus-mt-it-de
Helsinki-NLP/opus-mt-it-en
Helsinki-NLP/opus-mt-it-eo
Helsinki-NLP/opus-mt-it-es
Helsinki-NLP/opus-mt-it-fr
Helsinki-NLP/opus-mt-it-is
Helsinki-NLP/opus-mt-it-lt
Helsinki-NLP/opus-mt-it-ms
Helsinki-NLP/opus-mt-it-sv
Helsinki-NLP/opus-mt-it-uk
Helsinki-NLP/opus-mt-it-vi
Helsinki-NLP/opus-mt-itc-en
Helsinki-NLP/opus-mt-itc-itc
Helsinki-NLP/opus-mt-ja-ar
Helsinki-NLP/opus-mt-ja-bg
Helsinki-NLP/opus-mt-ja-da
Helsinki-NLP/opus-mt-ja-de
Helsinki-NLP/opus-mt-ja-en
Helsinki-NLP/opus-mt-ja-es
Helsinki-NLP/opus-mt-ja-fi
Helsinki-NLP/opus-mt-ja-fr
Helsinki-NLP/opus-mt-ja-he
Helsinki-NLP/opus-mt-ja-hu
Helsinki-NLP/opus-mt-ja-it
Helsinki-NLP/opus-mt-ja-ms
Helsinki-NLP/opus-mt-ja-nl
Helsinki-NLP/opus-mt-ja-pl
Helsinki-NLP/opus-mt-ja-pt
Helsinki-NLP/opus-mt-ja-ru
Helsinki-NLP/opus-mt-ja-sh
Helsinki-NLP/opus-mt-ja-sv
Helsinki-NLP/opus-mt-ja-tr
Helsinki-NLP/opus-mt-ja-vi
Helsinki-NLP/opus-mt-jap-en
Helsinki-NLP/opus-mt-ka-en
Helsinki-NLP/opus-mt-ka-ru
Helsinki-NLP/opus-mt-kab-en
Helsinki-NLP/opus-mt-kg-en
Helsinki-NLP/opus-mt-kg-es
Helsinki-NLP/opus-mt-kg-fr
Helsinki-NLP/opus-mt-kg-sv
Helsinki-NLP/opus-mt-kj-en
Helsinki-NLP/opus-mt-kl-en
Helsinki-NLP/opus-mt-ko-de
Helsinki-NLP/opus-mt-ko-en
Helsinki-NLP/opus-mt-ko-fi
Helsinki-NLP/opus-mt-ko-fr
Helsinki-NLP/opus-mt-ko-hu
Helsinki-NLP/opus-mt-ko-ru
Helsinki-NLP/opus-mt-ko-sv
Helsinki-NLP/opus-mt-kqn-en
Helsinki-NLP/opus-mt-kqn-es
Helsinki-NLP/opus-mt-kqn-fr
Helsinki-NLP/opus-mt-kqn-sv
Helsinki-NLP/opus-mt-kwn-en
Helsinki-NLP/opus-mt-kwy-en
Helsinki-NLP/opus-mt-kwy-fr
Helsinki-NLP/opus-mt-kwy-sv
Helsinki-NLP/opus-mt-lg-en
Helsinki-NLP/opus-mt-lg-es
Helsinki-NLP/opus-mt-lg-fi
Helsinki-NLP/opus-mt-lg-fr
Helsinki-NLP/opus-mt-lg-sv
Helsinki-NLP/opus-mt-ln-de
Helsinki-NLP/opus-mt-ln-en
Helsinki-NLP/opus-mt-ln-es
Helsinki-NLP/opus-mt-ln-fr
Helsinki-NLP/opus-mt-loz-de
Helsinki-NLP/opus-mt-loz-en
Helsinki-NLP/opus-mt-loz-es
Helsinki-NLP/opus-mt-loz-fi
Helsinki-NLP/opus-mt-loz-fr
Helsinki-NLP/opus-mt-loz-sv
Helsinki-NLP/opus-mt-lt-de
Helsinki-NLP/opus-mt-lt-eo
Helsinki-NLP/opus-mt-lt-es
Helsinki-NLP/opus-mt-lt-fr
Helsinki-NLP/opus-mt-lt-it
Helsinki-NLP/opus-mt-lt-pl
Helsinki-NLP/opus-mt-lt-ru
Helsinki-NLP/opus-mt-lt-sv
Helsinki-NLP/opus-mt-lt-tr
Helsinki-NLP/opus-mt-lu-en
Helsinki-NLP/opus-mt-lu-es
Helsinki-NLP/opus-mt-lu-fi
Helsinki-NLP/opus-mt-lu-fr
Helsinki-NLP/opus-mt-lu-sv
Helsinki-NLP/opus-mt-lua-en
Helsinki-NLP/opus-mt-lua-es
Helsinki-NLP/opus-mt-lua-fi
Helsinki-NLP/opus-mt-lua-fr
Helsinki-NLP/opus-mt-lua-sv
Helsinki-NLP/opus-mt-lue-en
Helsinki-NLP/opus-mt-lue-es
Helsinki-NLP/opus-mt-lue-fi
Helsinki-NLP/opus-mt-lue-fr
Helsinki-NLP/opus-mt-lue-sv
Helsinki-NLP/opus-mt-lun-en
Helsinki-NLP/opus-mt-luo-en
Helsinki-NLP/opus-mt-lus-en
Helsinki-NLP/opus-mt-lus-es
Helsinki-NLP/opus-mt-lus-fi
Helsinki-NLP/opus-mt-lus-fr
Helsinki-NLP/opus-mt-lus-sv
Helsinki-NLP/opus-mt-lv-en
Helsinki-NLP/opus-mt-lv-es
Helsinki-NLP/opus-mt-lv-fi
Helsinki-NLP/opus-mt-lv-fr
Helsinki-NLP/opus-mt-lv-ru
Helsinki-NLP/opus-mt-lv-sv
Helsinki-NLP/opus-mt-mfe-en
Helsinki-NLP/opus-mt-mfe-es
Helsinki-NLP/opus-mt-mfs-es
Helsinki-NLP/opus-mt-mg-en
Helsinki-NLP/opus-mt-mg-es
Helsinki-NLP/opus-mt-mh-en
Helsinki-NLP/opus-mt-mh-es
Helsinki-NLP/opus-mt-mh-fi
Helsinki-NLP/opus-mt-mk-en
Helsinki-NLP/opus-mt-mk-es
Helsinki-NLP/opus-mt-mk-fi
Helsinki-NLP/opus-mt-mk-fr
Helsinki-NLP/opus-mt-mkh-en
Helsinki-NLP/opus-mt-ml-en
Helsinki-NLP/opus-mt-mos-en
Helsinki-NLP/opus-mt-mr-en
Helsinki-NLP/opus-mt-ms-de
Helsinki-NLP/opus-mt-ms-fr
Helsinki-NLP/opus-mt-ms-it
Helsinki-NLP/opus-mt-ms-ms
Helsinki-NLP/opus-mt-mt-en
Helsinki-NLP/opus-mt-mt-es
Helsinki-NLP/opus-mt-mt-fi
Helsinki-NLP/opus-mt-mt-fr
Helsinki-NLP/opus-mt-mt-sv
Helsinki-NLP/opus-mt-ng-en
Helsinki-NLP/opus-mt-nic-en
Helsinki-NLP/opus-mt-niu-de
Helsinki-NLP/opus-mt-niu-en
Helsinki-NLP/opus-mt-niu-es
Helsinki-NLP/opus-mt-niu-fi
Helsinki-NLP/opus-mt-niu-fr
Helsinki-NLP/opus-mt-niu-sv
Helsinki-NLP/opus-mt-nl-af
Helsinki-NLP/opus-mt-nl-ca
Helsinki-NLP/opus-mt-nl-en
Helsinki-NLP/opus-mt-nl-eo
Helsinki-NLP/opus-mt-nl-es
Helsinki-NLP/opus-mt-nl-fi
Helsinki-NLP/opus-mt-nl-fr
Helsinki-NLP/opus-mt-nl-no
Helsinki-NLP/opus-mt-nl-sv
Helsinki-NLP/opus-mt-nl-uk
Helsinki-NLP/opus-mt-no-da
Helsinki-NLP/opus-mt-no-de
Helsinki-NLP/opus-mt-no-es
Helsinki-NLP/opus-mt-no-fi
Helsinki-NLP/opus-mt-no-fr
Helsinki-NLP/opus-mt-no-nl
Helsinki-NLP/opus-mt-no-no
Helsinki-NLP/opus-mt-no-pl
Helsinki-NLP/opus-mt-no-ru
Helsinki-NLP/opus-mt-no-sv
Helsinki-NLP/opus-mt-no-uk
Helsinki-NLP/opus-mt-nso-de
Helsinki-NLP/opus-mt-nso-en
Helsinki-NLP/opus-mt-nso-es
Helsinki-NLP/opus-mt-nso-fi
Helsinki-NLP/opus-mt-nso-fr
Helsinki-NLP/opus-mt-nso-sv
Helsinki-NLP/opus-mt-ny-de
Helsinki-NLP/opus-mt-ny-en
Helsinki-NLP/opus-mt-ny-es
Helsinki-NLP/opus-mt-nyk-en
Helsinki-NLP/opus-mt-om-en
Helsinki-NLP/opus-mt-pa-en
Helsinki-NLP/opus-mt-pag-de
Helsinki-NLP/opus-mt-pag-en
Helsinki-NLP/opus-mt-pag-es
Helsinki-NLP/opus-mt-pag-fi
Helsinki-NLP/opus-mt-pag-sv
Helsinki-NLP/opus-mt-pap-de
Helsinki-NLP/opus-mt-pap-en
Helsinki-NLP/opus-mt-pap-es
Helsinki-NLP/opus-mt-pap-fi
Helsinki-NLP/opus-mt-pap-fr
Helsinki-NLP/opus-mt-phi-en
Helsinki-NLP/opus-mt-pis-en
Helsinki-NLP/opus-mt-pis-es
Helsinki-NLP/opus-mt-pis-fi
Helsinki-NLP/opus-mt-pis-fr
Helsinki-NLP/opus-mt-pis-sv
Helsinki-NLP/opus-mt-pl-ar
Helsinki-NLP/opus-mt-pl-de
Helsinki-NLP/opus-mt-pl-en
Helsinki-NLP/opus-mt-pl-eo
Helsinki-NLP/opus-mt-pl-es
Helsinki-NLP/opus-mt-pl-fr
Helsinki-NLP/opus-mt-pl-lt
Helsinki-NLP/opus-mt-pl-no
Helsinki-NLP/opus-mt-pl-sv
Helsinki-NLP/opus-mt-pl-uk
Helsinki-NLP/opus-mt-pon-en
Helsinki-NLP/opus-mt-pon-es
Helsinki-NLP/opus-mt-pon-fi
Helsinki-NLP/opus-mt-pon-fr
Helsinki-NLP/opus-mt-pon-sv
Helsinki-NLP/opus-mt-pqe-en
Helsinki-NLP/opus-mt-prl-es
Helsinki-NLP/opus-mt-pt-ca
Helsinki-NLP/opus-mt-pt-eo
Helsinki-NLP/opus-mt-pt-gl
Helsinki-NLP/opus-mt-pt-tl
Helsinki-NLP/opus-mt-pt-uk
Helsinki-NLP/opus-mt-rn-de
Helsinki-NLP/opus-mt-rn-en
Helsinki-NLP/opus-mt-rn-es
Helsinki-NLP/opus-mt-rn-fr
Helsinki-NLP/opus-mt-rn-ru
Helsinki-NLP/opus-mt-rnd-en
Helsinki-NLP/opus-mt-rnd-fr
Helsinki-NLP/opus-mt-rnd-sv
Helsinki-NLP/opus-mt-ro-eo
Helsinki-NLP/opus-mt-ro-fi
Helsinki-NLP/opus-mt-ro-fr
Helsinki-NLP/opus-mt-ro-sv
Helsinki-NLP/opus-mt-roa-en
Helsinki-NLP/opus-mt-ru-af
Helsinki-NLP/opus-mt-ru-ar
Helsinki-NLP/opus-mt-ru-bg
Helsinki-NLP/opus-mt-ru-da
Helsinki-NLP/opus-mt-ru-eo
Helsinki-NLP/opus-mt-ru-es
Helsinki-NLP/opus-mt-ru-et
Helsinki-NLP/opus-mt-ru-eu
Helsinki-NLP/opus-mt-ru-fi
Helsinki-NLP/opus-mt-ru-fr
Helsinki-NLP/opus-mt-ru-he
Helsinki-NLP/opus-mt-ru-hy
Helsinki-NLP/opus-mt-ru-lt
Helsinki-NLP/opus-mt-ru-lv
Helsinki-NLP/opus-mt-ru-no
Helsinki-NLP/opus-mt-ru-sl
Helsinki-NLP/opus-mt-ru-sv
Helsinki-NLP/opus-mt-ru-uk
Helsinki-NLP/opus-mt-ru-vi
Helsinki-NLP/opus-mt-run-en
Helsinki-NLP/opus-mt-run-es
Helsinki-NLP/opus-mt-run-sv
Helsinki-NLP/opus-mt-rw-en
Helsinki-NLP/opus-mt-rw-es
Helsinki-NLP/opus-mt-rw-fr
Helsinki-NLP/opus-mt-rw-sv
Helsinki-NLP/opus-mt-sal-en
Helsinki-NLP/opus-mt-sem-en
Helsinki-NLP/opus-mt-sem-sem
Helsinki-NLP/opus-mt-sg-en
Helsinki-NLP/opus-mt-sg-es
Helsinki-NLP/opus-mt-sg-fi
Helsinki-NLP/opus-mt-sg-fr
Helsinki-NLP/opus-mt-sg-sv
Helsinki-NLP/opus-mt-sh-eo
Helsinki-NLP/opus-mt-sh-uk
Helsinki-NLP/opus-mt-sk-en
Helsinki-NLP/opus-mt-sk-es
Helsinki-NLP/opus-mt-sk-fi
Helsinki-NLP/opus-mt-sk-fr
Helsinki-NLP/opus-mt-sk-sv
Helsinki-NLP/opus-mt-sl-es
Helsinki-NLP/opus-mt-sl-fi
Helsinki-NLP/opus-mt-sl-fr
Helsinki-NLP/opus-mt-sl-ru
Helsinki-NLP/opus-mt-sl-sv
Helsinki-NLP/opus-mt-sl-uk
Helsinki-NLP/opus-mt-sla-en
Helsinki-NLP/opus-mt-sla-sla
Helsinki-NLP/opus-mt-sm-en
Helsinki-NLP/opus-mt-sm-es
Helsinki-NLP/opus-mt-sm-fr
Helsinki-NLP/opus-mt-sn-en
Helsinki-NLP/opus-mt-sn-es
Helsinki-NLP/opus-mt-sn-fr
Helsinki-NLP/opus-mt-sn-sv
Helsinki-NLP/opus-mt-sq-en
Helsinki-NLP/opus-mt-sq-es
Helsinki-NLP/opus-mt-sq-sv
Helsinki-NLP/opus-mt-srn-en
Helsinki-NLP/opus-mt-srn-es
Helsinki-NLP/opus-mt-srn-fr
Helsinki-NLP/opus-mt-srn-sv
Helsinki-NLP/opus-mt-ss-en
Helsinki-NLP/opus-mt-ssp-es
Helsinki-NLP/opus-mt-st-en
Helsinki-NLP/opus-mt-st-es
Helsinki-NLP/opus-mt-st-fi
Helsinki-NLP/opus-mt-st-fr
Helsinki-NLP/opus-mt-st-sv
Helsinki-NLP/opus-mt-sv-NORWAY
Helsinki-NLP/opus-mt-sv-ZH
Helsinki-NLP/opus-mt-sv-af
Helsinki-NLP/opus-mt-sv-ase
Helsinki-NLP/opus-mt-sv-bcl
Helsinki-NLP/opus-mt-sv-bem
Helsinki-NLP/opus-mt-sv-bg
Helsinki-NLP/opus-mt-sv-bi
Helsinki-NLP/opus-mt-sv-bzs
Helsinki-NLP/opus-mt-sv-ceb
Helsinki-NLP/opus-mt-sv-chk
Helsinki-NLP/opus-mt-sv-crs
Helsinki-NLP/opus-mt-sv-cs
Helsinki-NLP/opus-mt-sv-ee
Helsinki-NLP/opus-mt-sv-efi
Helsinki-NLP/opus-mt-sv-el
Helsinki-NLP/opus-mt-sv-en
Helsinki-NLP/opus-mt-sv-eo
Helsinki-NLP/opus-mt-sv-es
Helsinki-NLP/opus-mt-sv-et
Helsinki-NLP/opus-mt-sv-fi
Helsinki-NLP/opus-mt-sv-fj
Helsinki-NLP/opus-mt-sv-fr
Helsinki-NLP/opus-mt-sv-gaa
Helsinki-NLP/opus-mt-sv-gil
Helsinki-NLP/opus-mt-sv-guw
Helsinki-NLP/opus-mt-sv-ha
Helsinki-NLP/opus-mt-sv-he
Helsinki-NLP/opus-mt-sv-hil
Helsinki-NLP/opus-mt-sv-ho
Helsinki-NLP/opus-mt-sv-hr
Helsinki-NLP/opus-mt-sv-ht
Helsinki-NLP/opus-mt-sv-hu
Helsinki-NLP/opus-mt-sv-id
Helsinki-NLP/opus-mt-sv-ig
Helsinki-NLP/opus-mt-sv-ilo
Helsinki-NLP/opus-mt-sv-is
Helsinki-NLP/opus-mt-sv-iso
Helsinki-NLP/opus-mt-sv-kg
Helsinki-NLP/opus-mt-sv-kqn
Helsinki-NLP/opus-mt-sv-kwy
Helsinki-NLP/opus-mt-sv-lg
Helsinki-NLP/opus-mt-sv-ln
Helsinki-NLP/opus-mt-sv-lu
Helsinki-NLP/opus-mt-sv-lua
Helsinki-NLP/opus-mt-sv-lue
Helsinki-NLP/opus-mt-sv-lus
Helsinki-NLP/opus-mt-sv-lv
Helsinki-NLP/opus-mt-sv-mfe
Helsinki-NLP/opus-mt-sv-mh
Helsinki-NLP/opus-mt-sv-mos
Helsinki-NLP/opus-mt-sv-mt
Helsinki-NLP/opus-mt-sv-niu
Helsinki-NLP/opus-mt-sv-nl
Helsinki-NLP/opus-mt-sv-no
Helsinki-NLP/opus-mt-sv-nso
Helsinki-NLP/opus-mt-sv-ny
Helsinki-NLP/opus-mt-sv-pag
Helsinki-NLP/opus-mt-sv-pap
Helsinki-NLP/opus-mt-sv-pis
Helsinki-NLP/opus-mt-sv-pon
Helsinki-NLP/opus-mt-sv-rnd
Helsinki-NLP/opus-mt-sv-ro
Helsinki-NLP/opus-mt-sv-ru
Helsinki-NLP/opus-mt-sv-run
Helsinki-NLP/opus-mt-sv-rw
Helsinki-NLP/opus-mt-sv-sg
Helsinki-NLP/opus-mt-sv-sk
Helsinki-NLP/opus-mt-sv-sl
Helsinki-NLP/opus-mt-sv-sm
Helsinki-NLP/opus-mt-sv-sn
Helsinki-NLP/opus-mt-sv-sq
Helsinki-NLP/opus-mt-sv-srn
Helsinki-NLP/opus-mt-sv-st
Helsinki-NLP/opus-mt-sv-sv
Helsinki-NLP/opus-mt-sv-swc
Helsinki-NLP/opus-mt-sv-th
Helsinki-NLP/opus-mt-sv-tiv
Helsinki-NLP/opus-mt-sv-tll
Helsinki-NLP/opus-mt-sv-tn
Helsinki-NLP/opus-mt-sv-to
Helsinki-NLP/opus-mt-sv-toi
Helsinki-NLP/opus-mt-sv-tpi
Helsinki-NLP/opus-mt-sv-ts
Helsinki-NLP/opus-mt-sv-tum
Helsinki-NLP/opus-mt-sv-tvl
Helsinki-NLP/opus-mt-sv-tw
Helsinki-NLP/opus-mt-sv-ty
Helsinki-NLP/opus-mt-sv-uk
Helsinki-NLP/opus-mt-sv-umb
Helsinki-NLP/opus-mt-sv-ve
Helsinki-NLP/opus-mt-sv-war
Helsinki-NLP/opus-mt-sv-wls
Helsinki-NLP/opus-mt-sv-xh
Helsinki-NLP/opus-mt-sv-yap
Helsinki-NLP/opus-mt-sv-yo
Helsinki-NLP/opus-mt-sv-zne
Helsinki-NLP/opus-mt-swc-en
Helsinki-NLP/opus-mt-swc-es
Helsinki-NLP/opus-mt-swc-fi
Helsinki-NLP/opus-mt-swc-fr
Helsinki-NLP/opus-mt-swc-sv
Helsinki-NLP/opus-mt-taw-en
Helsinki-NLP/opus-mt-tc-base-gmw-gmw
Helsinki-NLP/opus-mt-th-en
Helsinki-NLP/opus-mt-th-fr
Helsinki-NLP/opus-mt-ti-en
Helsinki-NLP/opus-mt-tiv-en
Helsinki-NLP/opus-mt-tiv-fr
Helsinki-NLP/opus-mt-tiv-sv
Helsinki-NLP/opus-mt-tl-de
Helsinki-NLP/opus-mt-tl-en
Helsinki-NLP/opus-mt-tl-es
Helsinki-NLP/opus-mt-tl-pt
Helsinki-NLP/opus-mt-tll-en
Helsinki-NLP/opus-mt-tll-es
Helsinki-NLP/opus-mt-tll-fi
Helsinki-NLP/opus-mt-tll-fr
Helsinki-NLP/opus-mt-tll-sv
Helsinki-NLP/opus-mt-tn-en
Helsinki-NLP/opus-mt-tn-es
Helsinki-NLP/opus-mt-tn-fr
Helsinki-NLP/opus-mt-tn-sv
Helsinki-NLP/opus-mt-to-en
Helsinki-NLP/opus-mt-to-es
Helsinki-NLP/opus-mt-to-fr
Helsinki-NLP/opus-mt-to-sv
Helsinki-NLP/opus-mt-toi-en
Helsinki-NLP/opus-mt-toi-es
Helsinki-NLP/opus-mt-toi-fi
Helsinki-NLP/opus-mt-toi-fr
Helsinki-NLP/opus-mt-toi-sv
Helsinki-NLP/opus-mt-tpi-en
Helsinki-NLP/opus-mt-tpi-sv
Helsinki-NLP/opus-mt-tr-ar
Helsinki-NLP/opus-mt-tr-az
Helsinki-NLP/opus-mt-tr-eo
Helsinki-NLP/opus-mt-tr-es
Helsinki-NLP/opus-mt-tr-fr
Helsinki-NLP/opus-mt-tr-lt
Helsinki-NLP/opus-mt-tr-sv
Helsinki-NLP/opus-mt-tr-uk
Helsinki-NLP/opus-mt-trk-en
Helsinki-NLP/opus-mt-ts-en
Helsinki-NLP/opus-mt-ts-es
Helsinki-NLP/opus-mt-ts-fi
Helsinki-NLP/opus-mt-ts-fr
Helsinki-NLP/opus-mt-ts-sv
Helsinki-NLP/opus-mt-tum-en
Helsinki-NLP/opus-mt-tum-es
Helsinki-NLP/opus-mt-tum-fr
Helsinki-NLP/opus-mt-tum-sv
Helsinki-NLP/opus-mt-tvl-en
Helsinki-NLP/opus-mt-tvl-es
Helsinki-NLP/opus-mt-tvl-fi
Helsinki-NLP/opus-mt-tvl-fr
Helsinki-NLP/opus-mt-tvl-sv
Helsinki-NLP/opus-mt-tw-es
Helsinki-NLP/opus-mt-tw-fi
Helsinki-NLP/opus-mt-tw-fr
Helsinki-NLP/opus-mt-tw-sv
Helsinki-NLP/opus-mt-ty-es
Helsinki-NLP/opus-mt-ty-fi
Helsinki-NLP/opus-mt-ty-fr
Helsinki-NLP/opus-mt-ty-sv
Helsinki-NLP/opus-mt-tzo-es
Helsinki-NLP/opus-mt-uk-bg
Helsinki-NLP/opus-mt-uk-ca
Helsinki-NLP/opus-mt-uk-cs
Helsinki-NLP/opus-mt-uk-de
Helsinki-NLP/opus-mt-uk-en
Helsinki-NLP/opus-mt-uk-es
Helsinki-NLP/opus-mt-uk-fi
Helsinki-NLP/opus-mt-uk-fr
Helsinki-NLP/opus-mt-uk-he
Helsinki-NLP/opus-mt-uk-hu
Helsinki-NLP/opus-mt-uk-it
Helsinki-NLP/opus-mt-uk-nl
Helsinki-NLP/opus-mt-uk-no
Helsinki-NLP/opus-mt-uk-pl
Helsinki-NLP/opus-mt-uk-pt
Helsinki-NLP/opus-mt-uk-ru
Helsinki-NLP/opus-mt-uk-sh
Helsinki-NLP/opus-mt-uk-sl
Helsinki-NLP/opus-mt-uk-sv
Helsinki-NLP/opus-mt-uk-tr
Helsinki-NLP/opus-mt-umb-en
Helsinki-NLP/opus-mt-ur-en
Helsinki-NLP/opus-mt-urj-en
Helsinki-NLP/opus-mt-urj-urj
Helsinki-NLP/opus-mt-ve-en
Helsinki-NLP/opus-mt-ve-es
Helsinki-NLP/opus-mt-vi-de
Helsinki-NLP/opus-mt-vi-en
Helsinki-NLP/opus-mt-vi-eo
Helsinki-NLP/opus-mt-vi-es
Helsinki-NLP/opus-mt-vi-fr
Helsinki-NLP/opus-mt-vi-it
Helsinki-NLP/opus-mt-vi-ru
Helsinki-NLP/opus-mt-vsl-es
Helsinki-NLP/opus-mt-wa-en
Helsinki-NLP/opus-mt-wal-en
Helsinki-NLP/opus-mt-war-en
Helsinki-NLP/opus-mt-war-es
Helsinki-NLP/opus-mt-war-fi
Helsinki-NLP/opus-mt-war-fr
Helsinki-NLP/opus-mt-war-sv
Helsinki-NLP/opus-mt-wls-en
Helsinki-NLP/opus-mt-wls-fr
Helsinki-NLP/opus-mt-wls-sv
Helsinki-NLP/opus-mt-xh-en
Helsinki-NLP/opus-mt-xh-es
Helsinki-NLP/opus-mt-xh-fr
Helsinki-NLP/opus-mt-xh-sv
Helsinki-NLP/opus-mt-yap-en
Helsinki-NLP/opus-mt-yap-fr
Helsinki-NLP/opus-mt-yap-sv
Helsinki-NLP/opus-mt-yo-en
Helsinki-NLP/opus-mt-yo-es
Helsinki-NLP/opus-mt-yo-fi
Helsinki-NLP/opus-mt-yo-fr
Helsinki-NLP/opus-mt-yo-sv
Helsinki-NLP/opus-mt-zai-es
Helsinki-NLP/opus-mt-zh-bg
Helsinki-NLP/opus-mt-zh-de
Helsinki-NLP/opus-mt-zh-fi
Helsinki-NLP/opus-mt-zh-he
Helsinki-NLP/opus-mt-zh-it
Helsinki-NLP/opus-mt-zh-ms
Helsinki-NLP/opus-mt-zh-nl
Helsinki-NLP/opus-mt-zh-sv
Helsinki-NLP/opus-mt-zh-uk
Helsinki-NLP/opus-mt-zh-vi
Helsinki-NLP/opus-mt-zle-en
Helsinki-NLP/opus-mt-zle-zle
Helsinki-NLP/opus-mt-zls-en
Helsinki-NLP/opus-mt-zls-zls
Helsinki-NLP/opus-mt-zlw-en
Helsinki-NLP/opus-mt-zlw-fiu
Helsinki-NLP/opus-mt-zlw-zlw
Helsinki-NLP/opus-mt-zne-es
Helsinki-NLP/opus-mt-zne-fi
Helsinki-NLP/opus-mt-zne-fr
Helsinki-NLP/opus-mt-zne-sv
Helsinki-NLP/opus-tatoeba-af-ru
Helsinki-NLP/opus-tatoeba-de-ro
Helsinki-NLP/opus-tatoeba-en-ja
Helsinki-NLP/opus-tatoeba-en-ro
Helsinki-NLP/opus-tatoeba-en-tr
Helsinki-NLP/opus-tatoeba-es-zh
Helsinki-NLP/opus-tatoeba-fi-en
Helsinki-NLP/opus-tatoeba-fr-it
Helsinki-NLP/opus-tatoeba-he-fr
Helsinki-NLP/opus-tatoeba-he-it
Helsinki-NLP/opus-tatoeba-it-he
Jour/m2m100_418M-fr
K024/mt5-zh-ja-en-trimmed
Lalita/marianmt-th-zh_cn
Lalita/marianmt-zh_cn-th
Leisa/marian-finetuned-kde4-en-to-fr
NDugar/m2m100_418M-fr
NYTK/translation-bart-128-en-hu
NYTK/translation-bart-en-hu
NYTK/translation-bart-hu-en
NYTK/translation-marianmt-en-hu
NYTK/translation-mt5-small-128-en-hu
Narrativa/mbart-large-50-finetuned-opus-en-pt-translation
Narrativa/mbart-large-50-finetuned-opus-pt-en-translation
Ogayo/Hel-ach-en
Tanhim/translation-En2De
aaraki/marian-finetuned-kde4-en-to-fr
akhooli/mbart-large-cc25-ar-en
akhooli/mbart-large-cc25-en-ar
allegro/plt5-base
allegro/plt5-large
allegro/plt5-small
allenai/wmt16-en-de-12-1
allenai/wmt16-en-de-dist-12-1
allenai/wmt16-en-de-dist-6-1
allenai/wmt19-de-en-6-6-base
allenai/wmt19-de-en-6-6-big
andrek/LAT2NOB
anzorq/t5-v1_1-small-ru_kbd-cased
baffo32/t5-base-ptmap
birgermoell/t5-base-swedish
cristinae/marian_caes2en
cstorm125/marianmt-th-zh_cn
cstorm125/marianmt-zh_cn-th
facebook/mbart-large-cc25
facebook/mbart-large-en-ro
facebook/wmt19-en-de
facebook/wmt19-ru-en
facebook/wmt21-dense-24-wide-x-en
Language-Media-Lab/byt5-small-ain-jpn-mt
Language-Media-Lab/byt5-small-jpn-ain-mt
Language-Media-Lab/mt5-small-ain-jpn-mt
Language-Media-Lab/mt5-small-jpn-ain-mt
google/bert2bert_L-24_wmt_de_en
gsarti/opus-mt-tc-en-pl
guocheng98/HelsinkiNLP-FineTuned-Legal-es-zh
huggingface-course/marian-finetuned-kde4-en-to-fr
jatinshah/marian-finetuned-kde4-en-to-fr
joyebright/Top1-with-without-mixing
joyebright/Top2-with-mixing
joyebright/Top2-without-mixing
joyebright/Top3-with-mixing
joyebright/Top3-without-mixing
joyebright/Top4-with-mixing
joyebright/Top4-without-mixing
joyebright/Top5-with-mixing
joyebright/Top5-without-mixing
joyebright/Top6-with-mixing
joyebright/Top6-without-mixing
ken11/mbart-ja-en
keras-io/char-lstm-seq2seq
kingabzpro/Helsinki-NLP-opus-yor-mul-en
lewtun/marian-finetuned-kde4-en-to-fr
liam168/trans-opus-mt-en-zh
liam168/trans-opus-mt-zh-en
lighteternal/SSE-TUC-mt-el-en-cased
lighteternal/SSE-TUC-mt-el-en-lowercase
lighteternal/SSE-TUC-mt-en-el-cased
lighteternal/SSE-TUC-mt-en-el-lowercase
malloc/OpenNMT-py-English-German-Transformer
malloc/OpenNMT-py-German-English-2-layer-BiLSTM
marefa-nlp/marefa-mt-en-ar
mbateman/marian-finetuned-kde4-en-to-fr
michaeltendo/luganda
mrm8488/mbart-large-finetuned-bible-es-en-translation
mrm8488/mbart-large-finetuned-opus-en-es-translation
mrm8488/mbart-large-finetuned-opus-es-en-translation
mrm8488/mbart-large-finetuned-opus-it-en-translation
mrp/marian-finetuned-kde4-en-to-fr
msarmi9/multi30k
acul3/mt5-translate-en-id
ncduy/marian-finetuned-kde4-en-to-fr
osanseviero/fastspeech
pere/DeUnCaser
pere/nb-nn-dev
pere/nb-nn-dev2
pere/nb-nn-translation
peterhsu/marian-finetuned-kde4-en-to-zh_TW-accelerate
peterhsu/marian-finetuned-kde4-en-to-zh_TW
peterhsu/mt5-small-finetuned-amazon-en-es
peterhsu/tf-marian-finetuned-kde4-en-to-zh_TW
seduerr/pai-tl
seduerr/t5-small-pytorch
sgugger/marian-finetuned-kde4-en-to-fr
softcatala/opennmt-cat-deu
softcatala/opennmt-cat-eng
softcatala/opennmt-deu-cat
softcatala/opennmt-eng-cat
sshleifer/bb3b-tok
sshleifer/opus-mt-en-he
subham92/translation_model_by_subham
tftransformers/t5-base
tftransformers/t5-large
tftransformers/t5-small
thilina/mt5-sinhalese-english
tiedeman/opus-mt-en-he
tiedeman/opus-mt-he-en
unicamp-dl/translation-en-pt-t5
unicamp-dl/translation-pt-en-t5
vesteinn/german-icelandic-translation
xiaj/test
mt-empty/english-assyrian
tartuNLP/liv4ever-mt
kurianbenoy/kde_en_ml_translation_model
libalabala/marian-finetuned-kde4-en-to-fr
Neulvo/marian-finetuned-kde4-en-to-fr
pere/test-t5-small
Helsinki-NLP/opus-mt-tc-big-zle-en
Helsinki-NLP/opus-mt-tc-big-fi-en
Helsinki-NLP/opus-mt-tc-big-en-fi
Helsinki-NLP/opus-mt-tc-base-uk-ces_slk
Helsinki-NLP/opus-mt-tc-base-uk-hu
tartuNLP/liv4ever-hugging-mt
Helsinki-NLP/opus-mt-tc-base-uk-fi
Helsinki-NLP/opus-mt-tc-base-uk-ro
buvnswrn/daml-t5-pretrain
Helsinki-NLP/opus-mt-tc-base-uk-tr
Helsinki-NLP/opus-mt-tc-big-zle-fi
Helsinki-NLP/opus-mt-tc-base-zle-bat
Helsinki-NLP/opus-mt-tc-big-zle-de
Helsinki-NLP/opus-mt-tc-big-fi-zle
Helsinki-NLP/opus-mt-tc-big-zle-fr
buvnswrn/daml-t5-pretrain-imdb-accelerate
Helsinki-NLP/opus-mt-tc-big-zle-gmq
Helsinki-NLP/opus-mt-tc-big-zle-it
Helsinki-NLP/opus-mt-tc-big-zle-pt
Helsinki-NLP/opus-mt-tc-big-zle-es
Helsinki-NLP/opus-mt-tc-big-zle-zle
Helsinki-NLP/opus-mt-tc-big-zle-zls
Helsinki-NLP/opus-mt-tc-big-zle-zlw
Helsinki-NLP/opus-mt-tc-base-bat-zle
Helsinki-NLP/opus-mt-tc-base-ces_slk-uk
Helsinki-NLP/opus-mt-tc-big-de-zle
Helsinki-NLP/opus-mt-tc-big-en-zle
Helsinki-NLP/opus-mt-tc-base-fi-uk
Helsinki-NLP/opus-mt-tc-big-fr-zle
Helsinki-NLP/opus-mt-tc-big-gmq-zle
Helsinki-NLP/opus-mt-tc-base-hu-uk
Helsinki-NLP/opus-mt-tc-big-it-zle
Helsinki-NLP/opus-mt-tc-big-pt-zle
Helsinki-NLP/opus-mt-tc-base-ro-uk
Helsinki-NLP/opus-mt-tc-big-es-zle
Helsinki-NLP/opus-mt-tc-base-tr-uk
Helsinki-NLP/opus-mt-tc-big-zls-zle
Helsinki-NLP/opus-mt-tc-big-zlw-zle
JavierIA/es-en
pere/multi-sentencefix-mt5-large
tartuNLP/mtee-general
tartuNLP/septilang
mideind/tokenizer-mbart-25-enis
hackathon-pln-es/t5-small-spanish-nahuatl
tartuNLP/mtee-legal
tartuNLP/mtee-crisis
tartuNLP/mtee-military
hackathon-pln-es/t5-small-finetuned-spanish-to-quechua
miesnerjacob/marian-finetuned-kde4-en-to-fr
Fredvv/marian-finetuned-kde4-en-to-fr
abdusah/ft-tatoeba-ar-en
kabelomalapane/test_model1.2_update
Helsinki-NLP/opus-mt-tc-big-en-bg
Helsinki-NLP/opus-mt-tc-big-en-ar
Helsinki-NLP/opus-mt-tc-big-en-cat_oci_spa
Helsinki-NLP/opus-mt-tc-big-en-ces_slk
Helsinki-NLP/opus-mt-tc-big-en-el
Helsinki-NLP/opus-mt-tc-big-en-et
Helsinki-NLP/opus-mt-tc-big-en-fr
Helsinki-NLP/opus-mt-tc-big-en-gmq
Helsinki-NLP/opus-mt-tc-big-en-hu
Helsinki-NLP/opus-mt-tc-big-en-it
Helsinki-NLP/opus-mt-tc-big-en-lv
Helsinki-NLP/opus-mt-tc-big-en-lt
Helsinki-NLP/opus-mt-tc-big-en-pt
Helsinki-NLP/opus-mt-tc-big-en-ro
Helsinki-NLP/opus-mt-tc-big-en-tr
Helsinki-NLP/opus-mt-tc-big-ar-en
Helsinki-NLP/opus-mt-tc-big-bg-en
Helsinki-NLP/opus-mt-tc-big-cat_oci_spa-en
Helsinki-NLP/opus-mt-tc-big-cel-en
Helsinki-NLP/opus-mt-tc-big-ces_slk-en
Helsinki-NLP/opus-mt-tc-big-el-en
Helsinki-NLP/opus-mt-tc-big-et-en
Helsinki-NLP/opus-mt-tc-big-fr-en
Helsinki-NLP/opus-mt-tc-big-gmq-en
Helsinki-NLP/opus-mt-tc-big-sh-en
Helsinki-NLP/opus-mt-tc-big-he-en
Helsinki-NLP/opus-mt-tc-big-hu-en
Helsinki-NLP/opus-mt-tc-big-it-en
Helsinki-NLP/opus-mt-tc-big-lv-en
Helsinki-NLP/opus-mt-tc-big-lt-en
Helsinki-NLP/opus-mt-tc-big-tr-en
Helsinki-NLP/opus-mt-tc-big-zls-en
Helsinki-NLP/opus-mt-tc-big-zlw-en
kabelomalapane/test_model1.2_updated
engmatic-earth/mt5-zh-ja-en-trimmed-fine-tuned-v1
samwell/marian-finetuned-kde4-en-to-fr
kabelomalapane/model_zu-en_updated
yhavinga/t5-base-36L-ccmatrix-multi
abusiddik/autotrain-NMT-778623908
yhavinga/t5-small-24L-ccmatrix-multi
Ghost1/marian-finetuned-kde4-en-to-fr3
aakarshan/autotrain-Question-translation-797524592
staka/takomt
staka/fugumt-en-ja
staka/fugumt-ja-en
kabelomalapane/en_zu_ukuxhumana_model
echarlaix/t5-small-onnx
kabelomalapane/en_nso_ukuxhumana_model
kabelomalapane/nso_en_ukuxhumana_model
RaphaelReinauer/mbart50-finetuned-multi30-en-to-de
wannaphong/Roman2Thai-transliterator
sayanmandal/t5-small_6_3-hi_en-to-en
north/demo-nynorsk-base
north/demo-deuncaser-base
kabelomalapane/en_tn_ukuxhumana_model2
Mikey8943/marian-finetuned-kde4-en-to-fr
kabelomalapane/En-Tn
osanseviero/my-helsinki-duplicate
VanessaSchenkel/unicamp-finetuned-en-to-pt-dataset-ted
sayanmandal/t5-small_6_3-en-hi_en_LinCE
sayanmandal/t5-small_6_3-en-hi_en_bt
kabelomalapane/En-Af
anjankumar/marian-finetuned-kde4-en-to-fr
kabelomalapane/Af-En
kabelomalapane/En-Ts
ilhami/Tr_En_AcademicTranslation
ilhami/Tr_En-MbartFinetune
amartyobanerjee/marian-finetuned-kde4-en-to-fr
anibahug/marian-finetuned-kde4-en-to-ar
luoyixin/marian-finetuned-kde4-en-to-zh
optimum/t5-small
ornil1/marian-finetuned-kde4-en-to-fr
anjankumar/Anjan-finetuned-iitbombay-en-to-hi
sumedh/lstm-seq2seq
chandrasutrisnotjhong/marian-finetuned-kde4-en-to-fr
Mizew/autotrain-avar-1016534299
Mizew/EN-RSK
transZ/M2M_Vi_Ba
Rahulrr/language_model_en_he
Rahulrr/language_model_en_de
Tritkoman/EN-ROM
Lvxue/finetuned-mt5-small-10epoch
Siqi/marian-finetuned-kde4-en-to-fr-2
Stero/test1
kabelomalapane/En-Nso
kabelomalapane/Nso-En
ckb/en-toki-mt
facebook/nllb-200-1.3B
ckb/toki-en-mt
domenicrosati/opus-mt-en-es-scielo
AbhirupGhosh/opus-mt-finetuned-en-hi
AbhirupGhosh/opus-mt-finetuned-hi-en
domenicrosati/opus-mt-es-en-scielo
kabelomalapane/Nso-En_update
kabelomalapane/En-Nso_update
kabelomalapane/En-Nso_update2
kabelomalapane/En-Nso_update3
kabelomalapane/Nso-En_update3
danhsf/m2m100_418M-finetuned-kde4-en-to-pt_BR
Kamrani/t5-large
kabelomalapane/En-Af_update
kabelomalapane/Af-En_update
kabelomalapane/En-Zu_update
BubbleSheep/Hgn_trans_en2zh
kabelomalapane/Zu-En_update
anzorq/kbd_lat-ru_char_tokenizer
raisin2402/marian-finetuned-kde4-en-to-fr
DrY/marian-finetuned-kde4-en-to-zh
echarlaix/t5-small-int8-dynamic
Sampreetha/opus-mt-fr-en
Qilex/bart-largeEN-ME
kabelomalapane/En-Ts_update
qiaoyi/Comment_Summarization4DesignTutor
icon-it-tdtu/mt-en-vi-optimum
icon-it-tdtu/mt-vi-en-optimum
kabelomalapane/Ts-En_update
kabelomalapane/En-Tn_update
kabelomalapane/Tn-En_update
Helsinki-NLP/opus-mt-tc-big-en-ko
Helsinki-NLP/opus-mt-tc-big-ko-en
ybelkada/t5-11b-sharded
Helsinki-NLP/opus-mt-tc-big-itc-itc
Helsinki-NLP/opus-mt-tc-big-gmw-gmw
Helsinki-NLP/opus-mt-tc-big-gmq-gmq
Helsinki-NLP/opus-mt-tc-big-zls-itc
Helsinki-NLP/opus-mt-tc-big-gmq-itc
Helsinki-NLP/opus-mt-tc-big-itc-ar
Helsinki-NLP/opus-mt-tc-big-ar-gmq
Helsinki-NLP/opus-mt-tc-big-zle-itc
Helsinki-NLP/opus-mt-tc-big-itc-he
Helsinki-NLP/opus-mt-tc-big-gmq-zlw
Helsinki-NLP/opus-mt-tc-big-zh-ja
Helsinki-NLP/opus-mt-tc-big-itc-tr
Helsinki-NLP/opus-mt-tc-big-gmq-he
Helsinki-NLP/opus-mt-tc-big-ar-itc
Helsinki-NLP/opus-mt-tc-big-itc-bat
Helsinki-NLP/opus-mt-tc-big-gmq-ar
Helsinki-NLP/opus-mt-tc-big-zls-de
Helsinki-NLP/opus-mt-tc-big-gmq-tr
Helsinki-NLP/opus-mt-tc-big-de-es
Helsinki-NLP/opus-mt-tc-big-he-itc
Helsinki-NLP/opus-mt-tc-big-de-gmq
Helsinki-NLP/opus-mt-tc-big-he-gmq
Helsinki-NLP/opus-mt-tc-big-itc-eu
Helsinki-NLP/opus-mt-tc-big-fi-zls
Helsinki-NLP/opus-mt-tc-big-fa-itc
Helsinki-NLP/opus-mt-tc-big-fa-gmq
Helsinki-NLP/opus-mt-tc-big-eu-itc
alvations/autotrain-ara-transliterate-1259548205
NilsDamAi/nils-nl-to-rx-pt-v3
yhavinga/byt5-small-ccmatrix-en-nl
csebuetnlp/banglat5_nmt_bn_en
csebuetnlp/banglat5_nmt_en_bn
VanHoan/marian-finetuned-kde4-en-to-vi
NilsDamAi/nils-nl-to-rx-pt-v4
NilsDamAi/nils-nl-to-rx-pt-v5
jhk/opus-mt-tc-big-wiki-en-ko
buddhist-nlp/mbart-buddhist-chinese-to-eng
echarlaix/t5-small-openvino
Hoax0930/marian-finetuned-kde4-en-to-ja
shed-e/Translation
samiulhaq/t-uren-iwslt
Hoax0930/kftt
gsarti/opus-mt-tc-base-en-hi
gsarti/opus-mt-tc-base-en-ru
gsarti/opus-mt-tc-base-en-ja
gsarti/opus-mt-tc-base-en-nl
gsarti/opus-mt-tc-big-en-de
huynguyen208/marian-finetuned-kde4-en-to-vi
huynguyen208/marian-finetuned-kde4-en-to-vi-190322
huynguyen208/fantastic4-finetuned-en-to-vi-demo
huynguyen208/fantastic4-finetuned-vi-to-en-demo
huynguyen208/fantastic4-finetuned-vi-to-en-PhoMT-demo
slone/mbart-large-51-myv-mul-v1
slone/mbart-large-51-mul-myv-v1
VanessaSchenkel/pt-unicamp-news-t5
VanessaSchenkel/pt-opus-news
VanessaSchenkel/pt-unicamp-handcrafted
Tritkoman/autotrain-gahhaha-1478754178
datnth1709/finetuned_HelsinkiNLP-opus-mt-en-vi_PhoMT
datnth1709/finetuned_HelsinkiNLP-opus-mt-vi-en_PhoMT
Tritkoman/autotrain-qjnwjkwnw-1490354394
Tritkoman/autotrain-akakka-1492154441
Tritkoman/Interlinguetranslator
Tritkoman/Kvenfinnishtranslator
huynguyen208/fantastic4-finetuned-vi-to-en-PhoMT-demo-T5-NLPHUST-Small
Hoax0930/kyoto_marian
Hoax0930/kyoto_marian_mod_0
razwand/opus-mt-en-mul-finetuned_en_sp_translator
Hoax0930/kyoto_marian_mod_1
datnth1709/VietAI-NLP-ITN
Najeen/marian-finetuned-kde4-en-to-fr
Hoax0930/kyoto_marian_mod_2
Hoax0930/kyoto_marian_mod_2_0
Hoax0930/kyoto_marian_mod_3
Hoax0930/kyoto_marian_mod_2_1
Hoax0930/kyoto_marian_mod_4
Hoax0930/kyoto_marian_mod_5
Hoax0930/kyoto_marian_mod_2_2
Hoax0930/kyoto_marian_mod_5_0
Hoax0930/kyoto_marian_mod_2_2_0
Hoax0930/kyoto_marian_mod_5_1
Tritkoman/GermantoNorthFrisian
Hoax0930/kyoto_marian_mod_2_2_1
Tritkoman/GermantoInterlingua
Hoax0930/kyoto_marian_test
Tritkoman/GermantoLinguaFrancaNova
Tritkoman/GermantoSwabian
mideind/nmt-doc-en-is-2022-10
mideind/nmt-doc-is-en-2022-10
Hoax0930/marian-finetuned-kde4-en-to-ja_kftt
Hoax0930/marian-finetuned-kftt_kde4-en-to-ja
Tritkoman/GermantoHunsrik
VietAI/envit5-translation
Tritkoman/EnglishtoAncientGreek
Tritkoman/EnglishtoLinguaFrancaNova
Tritkoman/EnglishtoAncientGreekV2
Tritkoman/EnglishtoAncientGreekV3
Helsinki-NLP/opus-mt-tc-base-en-sh
Tritkoman/EnglishtoOldEastSlavic
Tritkoman/EnglishtoSaterlandFrisian
Tritkoman/RussiantoChukchi
teelinsan/opus-mt-eng-deu
thucdangvan020999/marian-finetuned-kde4-en-to-fr
zainnaved/marian-finetuned-kde4-en-to-es
lgrobol/m2m100_418M_br_fr
woctordho/lojban-translation
macavaney/doc2query-t5-base-msmarco
JamesH/Translation_en_to_fr_project
NilsDamAi/nils-nl-to-rx-pt-v6
Tritkoman/EnglishtoBulgarian
kosec39/marian-finetuned-kde4-en-to-fr
Tritkoman/English2Sardinian
dary/11_k
alirezamsh/small100
VanessaSchenkel/pt-unicamp-handcrafted-puro
sadanyh/Arabic-Dialect-Translation
NilsDamAi/nils-nl-to-rx-pt-v7
irfanns/autotrain-english-to-interlingua-translator-2002766502
Sotaro0124/ai-ja
bishalbaaniya/marian-finetuned-kde4-en-to-fr
oskarandrsson/mt-en-sv-finetuned
oskarandrsson/mt-sq-sv-finetuned
oskarandrsson/mt-hr-sv-finetuned
oskarandrsson/mt-lt-sv-finetuned
oskarandrsson/mt-uk-sv-finetuned
oskarandrsson/mt-bs-sv-finetuned
oskarandrsson/mt-ru-sv-finetuned
warrormac/autotrain-my-train-2209070896
kbalde/marian-finetuned-kde4-en-to-fr
jerpint/whisper
SYH99999/autotrain-translator-2261971987
leonrafael29/bert2bert_uncased_english_to_spanish
Jezia/AraBART-finetuned-wiki-ar
NilsDamAi/nils-nl-to-rx-pt-v8
tmobaggins/marian-finetuned-kde4-en-to-es
EmnaBou/t5-small-disfluent-fluent
EmnaBou/t5-base-disfluent-fluent
Shularp/krirk-finetuned-Helsinki-NLP_opus-mt-ar-en
Shularp/krirk-finetuned-Helsinki-NLP_opus-mt-en-ar
KarmaCST/Druk-dz-to-en
whher/opus-finetuned-bar-de
IDEA-CCNL/Randeng-Deltalm-362M-Zh-En
silsever/opus-mt-align-en-de
weijiang2009/AlgmonMTModel
Shularp/krirk-finetuned-google_mt5-small
supermy/couplet-helsinki
whher/opus-finetuned-de-bar
jfarmerphd/marian-finetuned-kde4-en-to-fr
IDEA-CCNL/Randeng-Deltalm-362M-En-Zh
Tritkoman/English-to-Aramaic-or-Syriac
rootacess/marian-finetuned-kde4-en-to-fr
Abelll/marian-finetuned-kde4-en-to-fr
keonju/opus-mt-ko-en
Patt/fine-tuned_ar-en
DunnBC22/mbart-large-50-English_Spanish_Translation
yhavinga/ul2-base-en-nl
Tritkoman/English2AlgerianArabic
Tritkoman/English2AlgerianArabicV2
gozu888/Envit5-tuned
yhavinga/ul2-large-en-nl
Yuch/marian-finetuned-kde4-en-to-fr
north/nynorsk_North_small
north/nynorsk_North_base
north/nynorsk_North_large
bananaspectre/marianmt-finetuned-netspeak-tgl-to-eng
PaddlePaddle/t5-small
NYTK/translation-m2m100-1.2B-multi12-hungarian
NYTK/translation-nllb-200-3.3B-multi12-hungarian
jamm55/autotrain-pidgintranslation_-2795382481
jamm55/autotrain-pidgintranslation2-2798082543
jamm55/autotrain-pidgintranslationmix-2798982563
bananaspectre/marian-finetuned-tgl-eng-netspeak-trial6
bananaspectre/marian-finetuned-tgl-eng-netspeak-trial9
Shularp/model-translate-en-to-ar-from-120k-dataset-ar-en-th230111447
Shularp/model-translate-ar-to-en-from-120k-dataset-ar-en-th230111752
jamm55/autotrain-improved-pidgin-model-2837583189
AhmedSSoliman/DistilBERT-Marian-Model-on-DJANGO
AhmedSSoliman/DistilRoBERTa-Marian-Model-on-DJANGO
AhmedSSoliman/ELECTRA-Marian-Model-on-DJANGO
AhmedSSoliman/LUKE-Marian-Model-on-DJANGO
north/nynorsk_North_base_long
north/nynorsk_North_small_long
north/nynorsk_North_large_long
lerzegov/marian-finetuned-kde4-en-to-fr
samiulhaq/iwslt-bt-en-ur
samiulhaq/iwslt-bt-ur-en
yhavinga/ul2-base-nl36-en-nl
Shularp/model-translate-ar-to-en-from-320k-dataset-ar-en-th2301191019
Shularp/model-translate-en-to-ar-from-320k-dataset-ar-en-th2301191458
leightonllc/asdfasdfasdf
r-kaichi/autotrain-test2-2979285951
Tritkoman/EnglishtoAncientGreekV4
jkorsvik/opus-mt-eng-nor
charanhu/autotrain-text2sql-t5-3071587538
charanhu/text_to_sql_2
charanhu/text_to_sql_3
charanhu/text_to_sql_1
charanhu/text_to_sql_4
Bucharest-NLP/dgt-mt-hu-ro
inseq/wmt20-mlqe-en-de
inseq/wmt20-mlqe-et-en
inseq/wmt20-mlqe-ro-en
inseq/wmt21-mlqe-ru-en
vsrinivas/marian-finetuned-kde4-en-to-fr
vsrinivas/marian-finetuned-kde4-en-to-hi
michellehbn/brrrr
apatidar0/marian-finetuned-kde4-en-to-fr
franjamonga/translate
luhui/marian-finetuned-kde4-en-to-fr
Narsil/nllb
Unbabel/wmt22-cometkiwi-da
Unbabel/wmt22-comet-da
Unbabel/wmt20-comet-da
ngtoanrob/vien-translation
Unbabel/wmt20-comet-qe-da
Student3342/marian-finetuned-kde4-en-to-fr
clboetticher/marian-finetuned-kde4-en-to-fr
ttri-pruiu/marian-finetuned-kde4-en-to-fr
zhongkaifu/mt_enu_chs
noahshinn/ts-code2td
Tritkoman/EnglishtoChurchSlavonicV1
Tritkoman/EnglishtoAncientGreekV5
Tritkoman/EnglishtoAncientGreekV6
Tritkoman/EnglishtoRusynV1
Tritkoman/EnglishtoRusynV2
Tritkoman/EnglishtoChurchSlavonicV2
DarkOFlom/test
Tritkoman/EnglishtoArliRomaniV1
Tritkoman/EnglishtoArliRomaniV2
Tritkoman/EnglishtoOttomanTurkishV1
Tritkoman/EnglishtoOttomanTurkishV2
robertrengel/autotrain-traductor-en-es-2023-3608896666
robertrengel/autotrain-traductor-en-es-2023-3608896670
Tritkoman/EnglishtoOttomanTurkishV3
Tritkoman/EnglishtoOldEastSlavicV2
Shularp/ar2enCkptfromgendata
Tritkoman/EnglishtoOldEastSlavicV3
Tritkoman/EnglishtoOldEastSlavicV4
Tritkoman/EnglishtoOldEastSlavicV5
Shularp/en2arCkptfromgendata
Tritkoman/EnglishtoAncientHebrewV1
lebi376/autotrain-translate-large-3667097880
lebi376/autotrain-translate-big-3667697890
Tritkoman/EnglishtoOldEnglishV1
Tritkoman/EnglishtoOldEnglishV3
Tritkoman/EnglishtoOldEnglishV2
Tritkoman/EnglishtoOldEnglishV4
Tritkoman/EnglishtoOldEnglishV5
SaeedMLK/ar-en
ritheshwar/autotrain-codet5_base_cpsl-3727399183
ritheshwar/autotrain-codet5_base_cpsl-3727399184
ritheshwar/autotrain-codet5_base_cpsl-3727399185
ritheshwar/autotrain-codet5_base_cpsl-3727399186
ritheshwar/autotrain-codet5_base_cpsl-3727399187
ritheshwar/autotrain-cpsl_28022023-38024100796
ritheshwar/autotrain-cpsl_28022023-38024100798
ritheshwar/autotrain-cpsl_28022023-38024100799
ritheshwar/autotrain-cpsl_large_01032023-38235101207
Tritkoman/RussiantoChukchiV1
Tritkoman/RussiantoChukchiV2
QianT/autotrain-auto_train-38325101316
saiful9379/Bangla-to-English-Translation
ksaml/marian-finetuned-kde4-cs2sv
raghuram13/autotrain-translation_english-38691101815
qingyan/autotrain-t5-base-ft-38781101938
Tritkoman/EnglishtoOldTupiV1
evincent18/marian-finetuned-kde4-en-to-fr
QianT/autotrain-english_translation-39667103325
joefox/mbart-large-ru-zh-ru-many-to-many-mmt
kangketik/autotrain-opus-100-40115104344
Maghrebi/Spanish_to_Latino_V2
Maghrebi/Spanish_to_Ladino
Tritkoman/GermantoHunsrikV1
Thinkcru/marian-finetuned-kde4-en-to-fr
Maghrebi/autotrain-aramaic-40367104972
dandrade/mbart-neutralization
SoMiyagawa/ainu-2-japanese
ArthurZ/nllb-moe-128
aszfcxcgszdx/t5-large-en-de
techiaith/mt-dspec-health-en-cy
techiaith/mt-dspec-legislation-en-cy
jmbt22/marian-finetuned-opus-mt-en-tl
11Anupam/Demo_2
figuringoutmine/translator-for-travel-jp-to-kr
facebook/nllb-moe-54b
pyoyoso/Python-Piscine
RohanHBTU/autotrain-t5-hinglish-to-en
T1231415/autotrain-wx-en-zh-41586107006
Tritkoman/EnglishtoOldRussianV1
mobarmg/Marian-en-ar
BrainStormersHakton/question-gen-T5-base
SoMiyagawa/japanese2ainu
DanielHellebust/cyclingo
chaodreaming/modelscope-csanmt-pb-inference
TSjB/mbart-large-52-qm-ru-v1
TSjB/mbart-large-52-ru-qm-v1
Tritkoman/GermantoSwabianV1
Tritkoman/GermantoNorthFrisianV1
Suripe/suripe-transformer
tarob0ba/opus-mt-mul-en-finetuned-lfn-to-en
tarob0ba/opus-mt-en-mul-finetuned-en-to-lfn
sdadas/mt5-base-translator-en-pl
sdadas/mt5-base-translator-pl-en
sdadas/flan-t5-base-translator-en-pl
Alesteba/marian-finetuned-kde4-en-to-fr
BlackKakapo/opus-mt-ro-en
Azzizz17/autotrain-translator-44772112701
Azzizz17/autotrain-translator-44772112704
shm0007/newt5en-to-bn2
zhaozh/autotrain-further-train-chatdoctor-45099113239
Azzizz17/autotrain-translator3-45113113262
Azzizz17/autotrain-aaaa-45159113325
mariav/helsinki-opus-de-en-fine-tuned-wmt16
zhaozh/medical_chat-en-zh
BlackKakapo/opus-mt-en-ro
FredDYyy/mT5-base-translation-vi-en-jp-cn
BlackKakapo/opus-mt-fi-ro
Molka11/marian-finetuned-kde4-en-to-fr
Dewa/marian-finetuned-kde4-en-to-fr
sappho192/ffxiv-ja-ko-translator
XDawned/minecraft-en-zh
chinmaydan/mRASP2
zhaozh/autotrain-pubmed-medft-tiny-46854115566
zhaozh/autotrain-pubmed-tiny-46871115574
zhaozh/autotrain-trans-pubmed-46884115623
chence08/mt5-small-iwslt2017-zh-en
learningmachineaz/mt5-enaz-10m
JWP/marian-finetuned-kde4-en-to-fr
chence08/mt5-small-iwslt2017-zh-en-scratch
huanvo88/marian-finetuned-kde4-en-to-vi
AlienKevin/bart-canto-mando-base-bitext-typo
AlienKevin/bart-canto-mando-base-bitext
quickman/autotrain-novel_translation_zh_es-49091118813
KarmaCST/nllb-200-distilled-600M-dz-to-en
feeeper/marian-finetuned-kde4-en-to-fr
KarmaCST/nllb-200-distilled-600M-en-to-dz
AlienKevin/bart-canto-mando-bing-300K-typo
sungchun71/marian-finetuned-kde4-en-to-fr
FremyCompany/opus-mt-nl-en-healthcare
cartesinus/iva_mt_wslot-m2m100_418M-en-es
cartesinus/iva_mt_wslot-m2m100_418M-en-de
Minggz/RuVi-Translation
cartesinus/iva_mt_wslot-m2m100_418M-en-sv
tmatup/marian-finetuned-kde4-en-to-fr
ossib/autotrain-lex-fin-sve-50529120652
ychenNLP/nllb-200-3.3B-easyproject
nezhazheng/flink-sql-autotrain
nezhazheng/autotrain-xx-50653120896
cartesinus/iva_mt_wslot-m2m100_418M-en-pt
cartesinus/iva_mt_wslot-m2m100_418M-en-fr
henri28/my_awesome_opus_nooks_model
ybanas/autotrain-fr-en-translate-51410121895
vivek-307306/m2m100_418M-ja
Yanis23/sparql-translation
SoMiyagawa/AinuTrans-2.0
neuesql/translate-de-en
Minggz/Lao-Vi-Translation
diegotimao/britany
PaulineSanchez/autotrain-translation_food_english_to_french-52830124391
mikkicon/t5-small_tuned_on_billsum
KETI-AIR-Downstream/long-ke-t5-base-translation-aihub-bidirection
KETI-AIR-Downstream/long-ke-t5-base-translation-aihub-ko2en
KETI-AIR-Downstream/long-ke-t5-base-translation-aihub-en2ko
sofa566/marian-finetuned-kde4-en-to-fr
ossib/kho-v2-lex-fi-sv
rooftopcoder/mT5_base_English_Gujrati
coreyabs-db/marian-finetuned-kde4-en-to-fr
Xenova/nllb-200-distilled-600M
ychenNLP/nllb-200-distilled-1.3B-easyproject
KennStack01/Helsinki-NLP-opus-mt-en-zh
PaulineSanchez/Modele_traduction_HF
KennStack01/Helsinki-NLP-opus-mt-zh-en
tang11/tang
alvations/autotrain-aymara-t5-small-expensive-55961130121
dylanmengzhou/kobart-trans-en-ko-v2
BlackKakapo/flan-t5-large-paraphrase-v2
Unbabel/wmt22-unite-da
VuAI/autotrain-vi2vi-56698131429
mgrbyte/mt-general-cy-en
J001/mt5-ch-en-v1
JustFrederik/jparacrawl-v3-base-ct2-float16
JustFrederik/jparacrawl-v3-base-ct2-int8
JustFrederik/jparacrawl-v3-big-ct2-float16
JustFrederik/jparacrawl-v3-big-ct2-int8
JustFrederik/jparacrawl-v3-small-ct2-float16
JustFrederik/jparacrawl-v3-small-ct2-int8
JustFrederik/sugoi-v3.3-ja-en-ct2-float16
JustFrederik/sugoi-v3.3-ja-en-ct2-int8
JustFrederik/sugoi-v4-ja-en-ct2-float16
JustFrederik/sugoi-v4-ja-en-ct2-int8
JustFrederik/sugoi-v4-ja-en-ct2
JustFrederik/sugoi-v3.3-ja-en-ct2
JustFrederik/jparacrawl-v3-base-ct2
JustFrederik/jparacrawl-v3-big-ct2
JustFrederik/jparacrawl-v3-small-ct2
SRDdev/HingFlow
modelscope-unofficial/damo-csanmt-en-zh-large
modelscope-unofficial/damo-csanmt-en-zh-base
modelscope-unofficial/damo-csanmt-en-es-base
modelscope-unofficial/damo-csanmt-en-fr-base
modelscope-unofficial/damo-csanmt-zh-en-large
lsimon/marian-finetuned-kde4-en-to-fr
JustFrederik/nllb-200-distilled-600M-ct2-int8
JustFrederik/nllb-200-distilled-1.3B-ct2-int8
JustFrederik/nllb-200-1.3B-ct2-int8
Trabis/Helsinki-NLPopus-mt-tc-big-en-moroccain_dialect
JustFrederik/nllb-200-1.3B-ct2-float16
JustFrederik/nllb-200-1.3B-ct2
JustFrederik/nllb-200-distilled-1.3B-ct2
JustFrederik/nllb-200-distilled-1.3B-ct2-float16
JustFrederik/nllb-200-distilled-600M-ct2
JustFrederik/nllb-200-distilled-600M-ct2-float16
JustFrederik/nllb-200-3.3B-ct2-float16
NHNDQ/nllb-finetuned-en2ko
NHNDQ/nllb-finetuned-ko2en
ladurzad/az-to-en-translator
neverLife/nllb-200-distilled-600M-ja-zh
ladurzad/en-to-az-translation
mxalmeida/marian-finetuned-kde4-en-to-fr
chenyanjin/marian-finetuned-kde4-en-to-zh
ThinleyNoddy/dz2en-mabart50
shrusti333/language_translation
modelscope-unofficial/damo-csanmt-en-zh-large-tfs
modelscope-unofficial/damo-csanmt-zh-en-large-tfs
michaelfeil/ct2fast-opus-mt-en-fr
michaelfeil/ct2fast-opus-mt-fr-en
michaelfeil/ct2fast-opus-mt-en-de
michaelfeil/ct2fast-opus-mt-de-en
michaelfeil/ct2fast-opus-mt-fr-de
michaelfeil/ct2fast-opus-mt-de-fr
michaelfeil/ct2fast-opus-mt-es-en
michaelfeil/ct2fast-opus-mt-en-es
michaelfeil/ct2fast-opus-mt-en-ROMANCE
michaelfeil/ct2fast-opus-mt-ROMANCE-en
AI4PD/REXzyme
DDDSSS/translation_en-zh
OMazzuzi90/Ita2SqlModel
DarioLopes/marian-finetuned-kde4-en-to-fr
leukas/byt5-small-nc16-250k-deen
leukas/mt5-small-nc16-250k-deen
leukas/byt5-large-wmt14-deen
leukas/mt5-large-wmt14-deen
leukas/mt5-base-nc16-250k-deen
leukas/byt5-base-nc16-250k-deen
leukas/mt5-large-nc16-250k-deen
leukas/byt5-large-nc16-250k-deen
shihab17/bengali-bn-to-en
ThinleyNoddy/T5_dz2en
johnyyhk/marian-finetuned-kde4-en-to-fr
xmj2002/bart_modern_classical
Eitanli/marian-finetuned-kde4-en-to-fr
aneeshmb02/marian-finetuned-kde4-en-to-fr
sohyun416/marian-finetuned-kde4-ko-to-en
sohyun416/opus-mt-ko-en-finetuned-ko-to-en-2780616
sohyun416/opus-mt-ko-en-finetuned-ko-to-en
pigeon01/sungju-finetuned-ko-to-en
pigeon01/sungju-finetuned-ko-to-en_ver2
pigeon01/sungju-finetuned-ko-to-en_ver3
yeeunlee/opus-mt-ko-en-finetuned
yeeunlee/long-ke-t5-base-translation-aihub-ko2en-finetuned
pigeon01/sungju_finetuned-ko-to-en_ver3
pigeon01/sungju_finetuned_ko_to_en_ver3
TeohYx/Translator
sungyooon/xsum3504
met/am_tg
ntclai/en_vi_translation_1
SZTAKI-HLT/opennmt-hu-en
Shularp/en2arCkptfromgendata_01
Shularp/ar2enCkptfromgendata_01
Unbabel/unite-mup
KarmaCST/nllb-200-distilled-600M-73K-en-to-dz
Shularp/ar2enCkptfromgendata_02
Babelscape/mrebel-large
Babelscape/mrebel-large-32
Babelscape/mrebel-base
pintileipetru/autotrain-language_model-66295136456
Shularp/ar2enCkptfromgendata_03
Shularp/en2arCkptfromgendata_02
SZTAKI-HLT/opennmt-en-hu
hopkins/marian-finetuned-kde4-en-to-fr
kiddyt00/yt-tags-en-zh
kiddyt00/yt-tags-en-zh-v2
hopkins/mbart-finetuned-eng-fra
pigeon01/sungju-finetuned-zh-to-ko1
SoyGema/t5-small
nikolajking/my_awesome_opus_books_model
startlingadama/fistmodel
nikolajking/Low_resource_translator_en_vt
RajkNakka/marian-finetuned-kde4-en-fr
winstxnhdw/nllb-200-distilled-1.3B-ct2-int8
aroot/mbart-finetuned-eng-fra
aroot/mbart-finetuned-eng-mya
aroot/mbart-finetuned-eng-guj
rd124/marian-finetuned-kde4-en-to-hi
rd124/marian-finetuned-samanantar100K-en-to-hi
michaelfeil/ct2fast-nllb-200-distilled-1.3B
michaelfeil/ct2fast-nllb-200-3.3B
WelfCrozzo/T5-L128-belarusian
enip2473/testing
nikolajking/Low_resource_translator_jp_vt
avecoder/marian-finetuned-kde4-en-to-ru
ENLP/mrasp
ENLP/mrasp2
julien-c/onnx-opus-mt-en-eo
hlee118/huggingface-test
aroot/mbart-finetuned-eng-deu-27761379236
aroot/mbart-finetuned-eng-ind-49524253500
aroot/mbart-finetuned-eng-kor-22045430821
aroot/mbart-finetuned-eng-deu-36669594032
aroot/mbart-finetuned-eng-ind-78029440162
aroot/mbart-finetuned-eng-kor-41788513697
aroot/mbart-finetuned-eng-deu-14039947979
aroot/mbart-finetuned-eng-ind-7003190223
aroot/mbart-finetuned-eng-kor-41790123343
aroot/mbart-finetuned-eng-deu-162558725038
aroot/mbart-finetuned-eng-ind-78988303650
aroot/mbart-finetuned-eng-kor-36961085350
aroot/mbart-finetuned-eng-deu-190540911265
aroot/mbart-finetuned-eng-ind-143393709156
aroot/mbart-finetuned-eng-kor-1863383319
aroot/mbart-finetuned-eng-deu-65706667053
aroot/mbart-finetuned-eng-ind-79831731176
aroot/mbart-finetuned-eng-kor-60086652858
aroot/mbart-finetuned-eng-deu-77578993012
aroot/mbart-finetuned-eng-ind-27942457988
aroot/mbart-finetuned-eng-kor-58824180004
aroot/mbart-finetuned-eng-deu-147063915101
aroot/mbart-finetuned-eng-ind-166895230659
aroot/mbart-finetuned-eng-kor-17631045523
aroot/mbart-finetuned-eng-deu-123816063139
aroot/mbart-finetuned-eng-ind-184602079755
aroot/mbart-finetuned-eng-kor-161080523600
aroot/mbart-finetuned-eng-deu-86007282509
aroot/mbart-finetuned-eng-ind-184485140105
aroot/mbart-finetuned-eng-kor-170083745061
marccram/marian-finetuned-kde4-en-to-fr
hopkins/mbart-finetuned-eng-deu-166034669868
hopkins/mbart-finetuned-eng-deu-62733429282
hopkins/mbart-finetuned-eng-deu-124042753320
hopkins/mbart-finetuned-eng-deu-9360276654
hopkins/mbart-finetuned-eng-deu-65716753263
hopkins/mbart-finetuned-eng-deu-129042337387
hopkins/mbart-finetuned-eng-deu-14165645348
hopkins/mbart-finetuned-eng-deu-6081756865
hopkins/mbart-finetuned-eng-deu-73686224709
hopkins/mbart-finetuned-eng-deu-149586569727
hopkins/mbart-finetuned-eng-deu-124815297450
hopkins/mbart-finetuned-eng-kor-153522318420
hopkins/mbart-finetuned-eng-kor-150250129358
hopkins/mbart-finetuned-eng-kor-129322430666
hopkins/mbart-finetuned-eng-kor-61905009452
hopkins/mbart-finetuned-eng-kor-198346976141
hopkins/mbart-finetuned-eng-kor-98101483745
hopkins/mbart-finetuned-eng-kor-26847579022
hopkins/mbart-finetuned-eng-kor-190468163527
hopkins/mbart-finetuned-eng-kor-152139805668
hopkins/mbart-finetuned-eng-kor-32735031717
hopkins/mbart-finetuned-eng-ind-130970514520
hopkins/mbart-finetuned-eng-ind-34784827403
hopkins/mbart-finetuned-eng-ind-27133160149
hopkins/mbart-finetuned-eng-ind-100952536406
hopkins/mbart-finetuned-eng-ind-194594359719
hopkins/mbart-finetuned-eng-ind-45220640989
hopkins/mbart-finetuned-eng-ind-43084210534
hopkins/mbart-finetuned-eng-ind-118153747919
hopkins/mbart-finetuned-eng-ind-28534975166
hopkins/mbart-finetuned-eng-ind-123868223902
hopkins/mbart-finetuned-eng-ind-11
hopkins/mbart-finetuned-eng-deu-11
hopkins/mbart-finetuned-eng-deu-13
hopkins/mbart-finetuned-eng-kor-11
hopkins/mbart-finetuned-eng-ind-13
hopkins/mbart-finetuned-eng-kor-13
hopkins/mbart-finetuned-eng-deu-14
hopkins/mbart-finetuned-eng-deu-15
hopkins/mbart-finetuned-eng-deu-16
hopkins/mbart-finetuned-eng-deu-17
hopkins/mbart-finetuned-eng-ind-14
hopkins/mbart-finetuned-eng-ind-15
hopkins/mbart-finetuned-eng-ind-16
hopkins/mbart-finetuned-eng-ind-17
hopkins/mbart-finetuned-eng-kor-14
hopkins/mbart-finetuned-eng-kor-15
hopkins/mbart-finetuned-eng-kor-16
hopkins/mbart-finetuned-eng-kor-17
hopkins/mbart-finetuned-eng-deu-18
hopkins/mbart-finetuned-eng-deu-19
hopkins/mbart-finetuned-eng-deu-20
hopkins/mbart-finetuned-eng-deu-21
hopkins/mbart-finetuned-eng-ind-19
hopkins/mbart-finetuned-eng-ind-20
hopkins/mbart-finetuned-eng-ind-18
hopkins/mbart-finetuned-eng-ind-21
hopkins/mbart-finetuned-eng-kor-19
hopkins/mbart-finetuned-eng-kor-20
hopkins/mbart-finetuned-eng-kor-18
hopkins/mbart-finetuned-eng-kor-21
hopkins/mbart-finetuned-eng-deu-22
hopkins/mbart-finetuned-eng-deu-23
hopkins/mbart-finetuned-eng-deu-24
hopkins/mbart-finetuned-eng-deu-25
hopkins/mbart-finetuned-eng-ind-22
hopkins/mbart-finetuned-eng-ind-23
hopkins/mbart-finetuned-eng-ind-24
hopkins/mbart-finetuned-eng-ind-25
hopkins/mbart-finetuned-eng-kor-22
hopkins/mbart-finetuned-eng-kor-23
hopkins/mbart-finetuned-eng-kor-25
hopkins/mbart-finetuned-eng-kor-24
hopkins/mbart-finetuned-eng-deu-26
hopkins/mbart-finetuned-eng-deu-27
hopkins/mbart-finetuned-eng-deu-28
hopkins/mbart-finetuned-eng-deu-29
hopkins/mbart-finetuned-eng-ind-26
hopkins/mbart-finetuned-eng-ind-27
hopkins/mbart-finetuned-eng-ind-28
hopkins/mbart-finetuned-eng-ind-29
hopkins/mbart-finetuned-eng-kor-26
hopkins/mbart-finetuned-eng-kor-27
hopkins/mbart-finetuned-eng-kor-28
hopkins/mbart-finetuned-eng-kor-29
hopkins/mbart-finetuned-eng-deu-30
hopkins/mbart-finetuned-eng-deu-31
hopkins/mbart-finetuned-eng-deu-32
hopkins/mbart-finetuned-eng-deu-33
hopkins/mbart-finetuned-eng-ind-30
hopkins/mbart-finetuned-eng-ind-31
hopkins/mbart-finetuned-eng-ind-32
KETI-AIR-Downstream/long-ke-t5-base-translation-aihub-bidirection_e1
hopkins/mbart-finetuned-eng-ind-33
hopkins/mbart-finetuned-eng-kor-30
hopkins/mbart-finetuned-eng-kor-31
hopkins/mbart-finetuned-eng-kor-32
hopkins/mbart-finetuned-eng-kor-33
hopkins/mbart-finetuned-eng-deu-34
hopkins/mbart-finetuned-eng-deu-35
hopkins/mbart-finetuned-eng-deu-36
hopkins/mbart-finetuned-eng-deu-37
hopkins/mbart-finetuned-eng-ind-34
hopkins/mbart-finetuned-eng-ind-35
hopkins/mbart-finetuned-eng-ind-36
hopkins/mbart-finetuned-eng-ind-37
hopkins/mbart-finetuned-eng-kor-34
hopkins/mbart-finetuned-eng-kor-35
hopkins/mbart-finetuned-eng-kor-36
hopkins/mbart-finetuned-eng-kor-37
hopkins/mbart-finetuned-eng-deu-38
hopkins/mbart-finetuned-eng-deu-39
hopkins/mbart-finetuned-eng-deu-40
hopkins/mbart-finetuned-eng-deu-41
hopkins/mbart-finetuned-eng-ind-38
hopkins/mbart-finetuned-eng-ind-39
hopkins/mbart-finetuned-eng-ind-40
hopkins/mbart-finetuned-eng-kor-38
hopkins/mbart-finetuned-eng-ind-41
hopkins/mbart-finetuned-eng-kor-39
hopkins/mbart-finetuned-eng-kor-40
hopkins/mbart-finetuned-eng-deu-42
hopkins/mbart-finetuned-eng-kor-41
hopkins/mbart-finetuned-eng-deu-43
hopkins/mbart-finetuned-eng-deu-44
hopkins/mbart-finetuned-eng-ind-42
hopkins/mbart-finetuned-eng-deu-45
hopkins/mbart-finetuned-eng-ind-43
hopkins/mbart-finetuned-eng-ind-44
hopkins/mbart-finetuned-eng-kor-42
hopkins/mbart-finetuned-eng-ind-45
hopkins/mbart-finetuned-eng-kor-43
hopkins/mbart-finetuned-eng-kor-44
hopkins/mbart-finetuned-eng-deu-46
hopkins/mbart-finetuned-eng-kor-45
hopkins/mbart-finetuned-eng-deu-47
hopkins/mbart-finetuned-eng-deu-48
hopkins/mbart-finetuned-eng-ind-46
hopkins/mbart-finetuned-eng-deu-49
hopkins/mbart-finetuned-eng-ind-47
hopkins/mbart-finetuned-eng-kor-46
hopkins/mbart-finetuned-eng-ind-48
hopkins/mbart-finetuned-eng-ind-49
hopkins/mbart-finetuned-eng-kor-47
hopkins/mbart-finetuned-eng-deu-50
hopkins/mbart-finetuned-eng-kor-48
hopkins/mbart-finetuned-eng-kor-49
hopkins/mbart-finetuned-eng-ind-50
hopkins/mbart-finetuned-eng-kor-50
hopkins/mbart-finetuned-eng-deu-random
hopkins/mbart-finetuned-eng-deu-longest
hopkins/mbart-finetuned-eng-ind-random
hopkins/mbart-finetuned-eng-ind-longest
hopkins/mbart-finetuned-eng-kor-random
hopkins/mbart-finetuned-eng-kor-longest
hopkins/eng-fra-wsample.49
hopkins/eng-fra-wsample.42
hopkins/eng-mya-wsample.49
hopkins/eng-mya-wsample.42
hopkins/eng-guj-wsample.42
hopkins/eng-guj-wsample.49
hopkins/eng-deu-delfy
hopkins/eng-ind-delfy
hopkins/eng-kor-delfy
hopkins/eng-deu-simcse.dev2.44k
hopkins/eng-deu-simcse.dev2.4440
hopkins/eng-ind-simcse.dev2.44k
hopkins/eng-ind-simcse.dev2.4440
hopkins/eng-kor-simcse.dev2.44k
hopkins/eng-kor-simcse.dev2.4440
hopkins/eng-deu-wsample.49
hopkins/eng-deu-wsample.42
hopkins/eng-ind-wsample.49
hopkins/eng-ind-wsample.42
hopkins/eng-kor-wsample.49
hopkins/eng-kor-wsample.42
hopkins/eng-deu-simcse.near2.4440
hopkins/eng-ind-simcse.near2.4440
hopkins/eng-kor-simcse.near2.4440
hopkins/eng-deu-wsample.41
hopkins/eng-deu-wsample.43
hopkins/eng-deu-wsample.44
hopkins/eng-deu-wsample.45
hopkins/eng-ind-wsample.41
hopkins/eng-ind-wsample.43
hopkins/eng-ind-wsample.44
hopkins/eng-ind-wsample.45
hopkins/eng-kor-wsample.41
hopkins/eng-kor-wsample.44
hopkins/eng-kor-wsample.45
hopkins/eng-kor-wsample.43
hopkins/eng-deu-wsample.46
hopkins/eng-deu-wsample.47
hopkins/eng-deu-wsample.48
hopkins/eng-deu-wsample.50
hopkins/eng-ind-wsample.46
hopkins/eng-ind-wsample.47
hopkins/eng-ind-wsample.48
hopkins/eng-ind-wsample.50
hopkins/eng-kor-wsample.46
hopkins/eng-kor-wsample.48
hopkins/eng-kor-wsample.47
hopkins/eng-kor-wsample.50
aroot/wsample.49
aroot/wsample.32
aroot/wsample.18
aroot/wsample.50
aroot/wsample.38
aroot/wsample.35
aroot/wsample.11
aroot/wsample.39
aroot/wsample.42
chenxingphh/marian-finetuned-kde4-en-to-fr
aroot/wsample.43
aroot/first_run_lines
aroot/delfy_w_replacement
aroot/wsample.32a
aroot/wsample.43a
hopkins/eng-fra-simcse.near2.4440
hopkins/eng-fra-simcse.dev2.4440
hopkins/eng-guj-simcse.dev2.4440
hopkins/eng-guj-simcse.near2.4440
hopkins/eng-mya-simcse.dev2.4440
hopkins/eng-mya-simcse.near2.4440
aroot/eng-fra-wsample.32a
aroot/eng-fra-wsample.43a
aroot/eng-guj-wsample.43a
aroot/eng-guj-wsample.32a
aroot/eng-mya-wsample.32a
aroot/eng-mya-wsample.43a
aroot/eng-fra-simcse_central
aroot/eng-fra-simcse_random
aroot/eng-guj-simcse_random
aroot/eng-guj-simcse_central
Lemoooon/TIM-BLOOMZ-7b
aroot/eng-mya-simcse_central
aroot/eng-mya-simcse_random
Lemoooon/TIM-LLaMA-13b
hopkins/eng-deu-longest
hopkins/eng-deu-random
hopkins/eng-fra-longest
hopkins/eng-fra-random
hopkins/eng-ind-random
hopkins/eng-guj-random
hopkins/eng-guj-longest
hopkins/eng-ind-longest
hopkins/eng-kor-random
hopkins/eng-kor-longest
hopkins/eng-mya-random
hopkins/eng-mya-longest
aroot/eng-fra-simcse_random_usbbu
aroot/eng-fra-simcse_central_usbbu
hopkins/eng-deu-common
hopkins/eng-fra-common
aroot/eng-guj-simcse_random_usbbu
aroot/eng-guj-simcse_central_usbbu
hopkins/eng-ind-common
hopkins/eng-guj-common
aroot/eng-mya-simcse_random_usbbu
aroot/eng-mya-simcse_central_usbbu
hopkins/eng-kor-common
hopkins/eng-mya-common
hopkins/eng-deu-common.simcse.roberta-large
hopkins/eng-fra-common.simcse.roberta-large
aroot/eng-fra-simcse_random_ssblu
hopkins/eng-ind-common.simcse.roberta-large
aroot/eng-fra-simcse_central_ssblu
hopkins/eng-guj-common.simcse.roberta-large
aroot/eng-guj-simcse_random_ssblu
hopkins/eng-kor-common.simcse.roberta-large
aroot/eng-guj-simcse_central_ssblu
hopkins/eng-mya-common.simcse.roberta-large
aroot/eng-fra-simcse_central_usblu
aroot/eng-fra-simcse_random_ssrb
aroot/eng-mya-simcse_random_usblu
aroot/eng-fra-simcse_central_ssrb
aroot/eng-guj-simcse_central_usblu
aroot/eng-guj-simcse_random_ssrb
aroot/eng-fra-simcse_random_usrb
aroot/eng-guj-simcse_central_ssrb
aroot/eng-mya-simcse_central_usblu
aroot/eng-mya-simcse_random_ssrb
aroot/eng-guj-simcse_random_usrb
aroot/eng-fra-simcse_central_usrb
aroot/eng-mya-simcse_random_usrb
aroot/eng-mya-simcse_central_ssrb
aroot/eng-guj-simcse_central_usrb
aroot/eng-mya-simcse_central_usrb
aroot/eng-fra-simcse_longestplus_ssbbu
aroot/eng-fra-simcse_longest_ssbbu
aroot/eng-fra-simcse_longestplus_usbbu
aroot/eng-fra-simcse_longest_usbbu
aroot/eng-guj-simcse_longestplus_usbbu
aroot/eng-guj-simcse_longestplus_ssbbu
aroot/eng-guj-simcse_longest_usbbu
aroot/eng-guj-simcse_longest_ssbbu
aroot/eng-mya-simcse_longestplus_ssbbu
aroot/eng-mya-simcse_longestplus_usbbu
aroot/eng-mya-simcse_longest_usbbu
aroot/eng-mya-simcse_longest_ssbbu
aroot/eng-fra-simcse_longest_ssblu
aroot/eng-fra-simcse_longestplus_ssblu
aroot/eng-fra-simcse_longestplus_usblu
aroot/eng-fra-simcse_longest_usblu
aroot/eng-guj-simcse_longest_ssblu
aroot/eng-guj-simcse_longestplus_ssblu
aroot/eng-guj-simcse_longestplus_usblu
aroot/eng-guj-simcse_longest_usblu
aroot/eng-mya-simcse_longest_ssblu
aroot/eng-mya-simcse_longestplus_ssblu
aroot/eng-mya-simcse_longestplus_usblu
aroot/eng-mya-simcse_longest_usblu
aroot/eng-fra-simcse_longest_ssrb
aroot/eng-fra-simcse_longestplus_ssrb
aroot/eng-fra-simcse_longest_usrb
aroot/eng-fra-simcse_longestplus_usrb
aroot/eng-guj-simcse_longest_ssrb
aroot/eng-guj-simcse_longestplus_usrb
aroot/eng-guj-simcse_longestplus_ssrb
aroot/eng-guj-simcse_longest_usrb
aroot/eng-mya-simcse_longest_ssrb
aroot/eng-mya-simcse_longestplus_ssrb
aroot/eng-mya-simcse_longestplus_usrb
aroot/eng-mya-simcse_longest_usrb
aroot/eng-fra-simcse_longest_ssrl
aroot/eng-fra-simcse_longestplus_ssrl
aroot/eng-fra-simcse_longest_usrl
aroot/eng-fra-simcse_longestplus_usrl
aroot/eng-guj-simcse_longest_ssrl
aroot/eng-guj-simcse_longestplus_ssrl
aroot/eng-guj-simcse_longest_usrl
aroot/eng-guj-simcse_longestplus_usrl
aroot/eng-mya-simcse_longest_usrl
aroot/eng-mya-simcse_longest_ssrl
aroot/eng-mya-simcse_longestplus_ssrl
aroot/eng-mya-simcse_longestplus_usrl
YOUSSEF88/opus-mt-fr-ar-finetuned-1
MattBoraske/BART-En-2-De-Translation
aroot/eng-fra-simcse_central_ssrl
aroot/eng-fra-simcse_random_ssrl
aroot/eng-guj-simcse_random_ssrl
aroot/eng-guj-simcse_central_ssrl
aroot/eng-fra-simcse_central_usrl
aroot/eng-fra-simcse_random_usrl
aroot/eng-mya-simcse_random_ssrl
aroot/eng-mya-simcse_central_ssrl
aroot/eng-guj-simcse_central_usrl
aroot/eng-guj-simcse_random_usrl
aroot/eng-fra-r1
aroot/eng-fra-r2
aroot/eng-mya-simcse_central_usrl
aroot/eng-mya-simcse_random_usrl
aroot/eng-guj-r1
aroot/eng-guj-r2
aroot/eng-fra-r3
aroot/eng-mya-r1
aroot/eng-mya-r2
aroot/eng-guj-r3
aroot/eng-mya-r3
hopkins/eng-fra-union
hopkins/eng-deu-union
hopkins/eng-ind-union
hopkins/eng-guj-union
hopkins/eng-kor-union
hopkins/eng-mya-union
desplesda/marian-finetuned-kde4-en-to-fr
hopkins/eng-deu-nng
hopkins/eng-fra-nng
hopkins/eng-ind-nng
hopkins/eng-guj-nng
hopkins/eng-kor-nng
hopkins/eng-mya-nng
PhysHunter/marian-finetuned-kde4-en-to-fr
squarelike/Gugugo-koen-1.3B-V0.9
ben-xl8/wmt22-cometkiwi-da
jovi848/autotrain-eng-ta-json-73876139369
minhtoan/t5-translation-vietnamese-nom
sephinroth/marian-finetuned-kde4-en-to-fr
sephinroth/marian-finetuned-kftt-ja-to-en
jovi848/autotrain-my_pref_on_products-74794139724
DunnBC22/mbart-large-50-Biomedical_Dataset
gfs0508/AIron-Trans-PT2EN
magicsword/wy-mt-en-zh-2
magicsword/wy-mt-en-zh-3
magicsword/wy-mt-en-zh
magicsword/wy-mt-en-zh-1
Andres6087/Cte
srirammadduri-ts/autotrain-pocnl2keywords-75118139836
fadliaulawi/marian-finetuned-kde4-en-to-fr
squarelike/Gugugo-koen-1.3B-V0.95
muvazana/flan-t5-base-opus-en-id-id-en
Suechun/test-translation-ja2en
aroot/eng-fra-simcse_nbrs_l
aroot/eng-fra-simcse_nbrs_r
aroot/eng-guj-simcse_nbrs_l
aroot/eng-guj-simcse_nbrs_r
aroot/eng-mya-simcse_nbrs_l
aroot/eng-deu-simcse_nbrs_l
aroot/eng-ind-simcse_nbrs_l
aroot/eng-mya-simcse_nbrs_r
aroot/eng-kor-simcse_nbrs_l
aroot/eng-deu-simcse_nbrs_r
aroot/eng-ind-simcse_nbrs_r
aroot/eng-fra-tok_budget_longest
aroot/eng-fra-tok_budget_random
aroot/eng-guj-tok_budget_longest
aroot/eng-guj-tok_budget_random
aroot/eng-mya-tok_budget_longest
aroot/eng-mya-tok_budget_random
aroot/eng-deu-tok_budget_longest
aroot/eng-deu-tok_budget_random
aroot/eng-ind-tok_budget_longest
aroot/eng-ind-tok_budget_random
aroot/eng-kor-tok_budget_longest
aroot/eng-kor-tok_budget_random
aroot/eng-kor-simcse_nbrs_r
Vidyuth/marian-finetuned-kde4-en-to-fr
geolearner/marian-finetuned-kde4-en-to-fr
aroot/eng-fra-tok_budget_weighted
aroot/eng-fra-simcse_nbrs_w
aroot/eng-mya-tok_budget_weighted
aroot/eng-deu-tok_budget_weighted
aroot/eng-ind-tok_budget_weighted
aroot/eng-kor-tok_budget_weighted
aroot/eng-guj-simcse_nbrs_w
aroot/eng-mya-simcse_nbrs_w
aroot/eng-deu-simcse_nbrs_w
aroot/eng-ind-simcse_nbrs_w
aroot/eng-kor-simcse_nbrs_w
aroot/eng-fra-delfy
kaikaikaikaikaikaikaikai/marian-finetuned-kftt-ja-to-en
aroot/eng-guj-delfy
aroot/eng-mya-delfy
aroot/eng-deu-delfy
aroot/eng-ind-delfy
aroot/eng-kor-delfy
JamesQin/Test
RUCAIBox/Erya
Yaopu/marian-finetuned-kde4-en-to-fr
kaikaikaikaikaikaikaikai/work
Unbabel/wmt23-cometkiwi-da-xxl
Unbabel/wmt23-cometkiwi-da-xl
Rostlab/ProstT5
minhtoan/t5-mask-language-model-vietnamese-nom
hopkins/eng-fra-sim2b
hopkins/eng-guj-sim2b
hopkins/eng-mya-sim2b
hopkins/eng-deu-sim2b
hopkins/eng-ind-sim2b
hopkins/eng-kor-sim2b
jjohn23/marian-finetuned-kde4-en-to-fr
krishnakamath/marian-finetuned-kde4-en-to-fr
CadenzaBaron/M2M100-418M-for-GameTranslation-Finetuned-Zh-En
hopkins/eng-fra-centroids.sent_budget
hopkins/eng-fra-centroids.token_budget
hopkins/eng-guj-centroids.token_budget
hopkins/eng-guj-centroids.sent_budget
hopkins/eng-mya-centroids.sent_budget
hopkins/eng-mya-centroids.token_budget
hopkins/eng-deu-centroids.sent_budget
hopkins/eng-deu-centroids.token_budget
hopkins/eng-ind-centroids.sent_budget
hopkins/eng-ind-centroids.token_budget
hopkins/eng-kor-centroids.sent_budget
hopkins/eng-kor-centroids.token_budget
chunwoolee0/marian-finetuned-kde4-en-to-ko
chunwoolee0/circulus-kobart-en-to-ko
sephinroth/marian-finetuned-kftt-ja-to-en-jesc
Manolo/autotrain-nl-en-esco-1-78131140807
jakobkruse/marian-finetuned-kde4-en-to-de
yatsby/marian-finetuned-kde4-en-to-fr
aroot/eng-fra-sent_delfy
aroot/eng-guj-sent_delfy
aroot/eng-mya-sent_delfy
aroot/eng-deu-sent_delfy
aroot/eng-ind-sent_delfy
aroot/eng-kor-sent_delfy
MattBoraske/FlanT5-finetuned-wikiSQL
Yaopu/translate-scratch-kde4-en-to-fr
ztrip/autotrain-testtranste-79085141139
lenax14/14
Unbabel/eamt22-cometinho-da
mjk0618/mt-ko-en-scitech
hopkins/eng-deu-trial1
hopkins/eng-deu-trial2
hopkins/eng-deu-trial3
hopkins/eng-deu-trial4
hopkins/eng-deu-trial5
hopkins/eng-deu-trial6
diana9m/marian-finetuned-kde4-en-to-fr
funstoryai/immersiveL-exp
Xenova/opus-mt-en-zh
Xenova/opus-mt-fr-en
Xenova/opus-mt-es-en
Xenova/opus-mt-zh-en
Xenova/opus-mt-de-en
Xenova/opus-mt-ru-en
Xenova/opus-mt-ar-en
Xenova/opus-mt-ko-en
Xenova/opus-mt-en-de
Xenova/opus-mt-mul-en
Xenova/opus-mt-nl-en
Xenova/opus-mt-it-en
Xenova/opus-mt-pl-en
Xenova/opus-mt-en-fr
Xenova/opus-mt-en-es
Xenova/opus-mt-cs-en
Xenova/opus-mt-en-it
Xenova/opus-mt-fi-en
Xenova/opus-mt-en-ru
RogerB/marian-finetuned-multi-en-to-kin
Xenova/opus-mt-en-ROMANCE
Xenova/opus-mt-tc-big-tr-en
Xenova/opus-mt-sv-en
Xenova/opus-mt-gem-gem
Xenova/opus-mt-it-fr
Xenova/opus-mt-da-en
Xenova/opus-mt-tr-en
Xenova/opus-mt-id-en
Xenova/opus-mt-bat-en
Xenova/opus-mt-ja-en
Xenova/opus-mt-fr-de
Xenova/opus-mt-da-de
Xenova/opus-mt-no-de
Xenova/opus-mt-ROMANCE-en
Xenova/opus-mt-gmw-gmw
Xenova/opus-mt-fi-de
Xenova/opus-mt-hi-en
Xenova/opus-mt-en-nl
Xenova/opus-mt-et-en
Xenova/opus-mt-en-ar
Xenova/opus-mt-th-en
Xenova/opus-mt-vi-en
Xenova/opus-mt-en-da
Xenova/opus-mt-nl-fr
Xenova/opus-mt-en-fi
RogerB/marian-finetuned-Umuganda-Dataset-en-to-kin
chunwoolee0/kd4_opus-mt-ko-en
chunwoolee0/keti-air-ke-t5-base-en-to-ko
chunwoolee0/keti-air-long-ke-t5-base-en-to-ko
shre-db/marian-finetuned-kde4-en-to-fr
RogerB/marian-finetuned-multidataset-kin-to-en
RogerB/x-marian-finetuned-multidataset-kin-to-en
suyash2102/model-en-to-fr
dreamboat26/NLP_Transformer_1
Xenova/m2m100_418M
Hemanth-thunder/english-tamil-mt
pritam3355/t5-small-finetuned-en-to-de-accelerate
diana9m/t5_kd4
satyashetty/marian-finetuned-kde4-en-to-fr
Deepakvictor/tan-ta
asas-ai/opus-mt-ar-en-finetuned-ar-to-en
myeolinmalchi/Gugugo-koen-1.3B-V1.0-GGML
asas-ai/opus-mt-ar-en-finetuned_augmented_MT-ar-to-en
DunnBC22/opus-mt-ko-en-Korean_Parallel_Corpora
fengtc/opus-mt-en-zh
fengtc/opus-mt-zh-en
suyash2102/model-en-to-fr-1
magnustragardh/marian-finetuned-kde4-en-to-fr
kwang123/medical-mt-fr-en
SUPERSOKOL/marian-finetuned-kde4-en-to-uk
asas-ai/opus-mt-ar-en-finetuned_augmented_synthetic-ar-to-en
peteryushunli/marian-finetuned-kde4-en-to-zh
Unbabel/XCOMET-XXL
Francesco-A/finetuned-kde4-en-to-fr
Garlen/Llama2-Chinese-13b-Chat-ggml
asas-ai/nllb-200-distilled-600M-finetuned-ar-to-en
Sk4467/Bengali_translator
peteryushunli/marian-finetuned-kde4-en-to-fr
asas-ai/nllb-200-distilled-600M-finetuned_augmented_MT_ar-to-en
Cchychen/marian-finetuned-kde4-en-to-fr
asas-ai/nllb-200-distilled-600M-finetuned_augmented_synthetic_ar-to-en
HyperbeeAI/nanotranslator-hf
yasmineelabbar/marian-finetuned-kde4-en-to-fr
yasmineelabbar/marian-finetuned-kde4-en-to-fr-accelerate
DunnBC22/opus-mt-zh-en-Chinese_to_English
neil-code/autotrain-translation-en-zh-83960142491
yinde/en-ha
JJinBBangMan/marian-finetuned-kde4-en-to-fr
eunbi-jeong/gpt2
DigitalUmuganda/quantized_finetuned_edu_en_kin
justinthelaw/opera-bullet-interpreter
shhossain/opus-mt-en-to-bn
LyteAIs/t5-large-finetuned-english-to-darija
abiatarfestus/marian-finetuned-en-to-ng
Xenova/opus-mt-en-vi
nugget00/marian-finetuned-kde4-en-to-fr
gyupro/Koalpaca-Translation-KR2EN
mbazaNLP/Nllb_finetuned_education_en_kin
Edmon02/marian-finetuned-kde4-en-to-hy
squarelike/Gugugo-koja-1.3B-V0.95
NadavShaked/d_nikud_try
tkoyama/marian-finetuned-kde4-en-to-fr
dammyogt/damilola-finetuned-NLP-opus-mt-en-ha
NadavShaked/d_nikud223
DrishtiSharma/mbart-large-50-en-es-translation-lr-1e-05-weight-decay-0.0
DrishtiSharma/mbart-large-50-en-es-translation-lr-1e-05-weight-decay-0.0001
DrishtiSharma/mbart-large-50-en-es-translation-lr-1e-05-weight-decay-0.001
DrishtiSharma/mbart-large-50-en-es-translation-lr-1e-05-weight-decay-0.01
DrishtiSharma/mbart-large-50-en-es-translation-lr-1e-05-weight-decay-0.1
SoyGema/english-hebrew
SoyGema/english-hindi
sungmogi/en2ko_hiphop_small-100
Jezia/opus-mt-ar-en-finetuned_augmented_backMT_cleaned-ar-to-en
Hunhee/argos-ko-ja
SoyGema/english-spanish
SoyGema/english-spanish-2
dmlea/marian-finetuned-kde4-en-to-fr
Xenova/opus-mt-it-es
Xenova/opus-mt-jap-en
Xenova/opus-mt-ro-fr
Xenova/opus-mt-ru-es
Xenova/opus-mt-ru-fr
Xenova/opus-mt-ru-uk
Xenova/opus-mt-uk-en
Xenova/opus-mt-uk-ru
Xenova/opus-mt-xh-en
Xenova/opus-mt-en-ro
Xenova/opus-mt-en-sv
Xenova/opus-mt-en-uk
Xenova/opus-mt-en-xh
Xenova/opus-mt-es-de
Xenova/opus-mt-es-fr
Xenova/opus-mt-es-it
Xenova/opus-mt-es-ru
Xenova/opus-mt-fr-es
Xenova/opus-mt-fr-ro
Xenova/opus-mt-fr-ru
Xenova/opus-mt-hu-en
Xenova/opus-mt-af-en
Xenova/opus-mt-de-es
Xenova/opus-mt-de-fr
Xenova/opus-mt-en-af
Xenova/opus-mt-en-hi
Xenova/opus-mt-en-hu
Xenova/opus-mt-en-id
Xenova/opus-mt-en-jap
Xenova/opus-mt-en-mul
Xenova/opus-mt-en-cs
Xenova/mbart-large-50-many-to-many-mmt
Xenova/mbart-large-50-many-to-one-mmt
Xenova/mbart-large-50
lazycodepersona/m2m100_418m
harouzie/mbart-translation-en2vi
Terps/marian-finetuned-kde4-en-to-el
SoyGema/english-guyarati
ai4bharat/indictrans2-indic-en-1B
aatherton2024/marian-finetuned-kde4-en-to-fr
sajalmandrekar/TranslateKar-english-to-konkani
aatherton2024/hf_eng_fra_reproduction
ai4bharat/indictrans2-indic-en-dist-200M
TSjB/mbart-large-52-qm-ru-v2
TSjB/mbart-large-52-ru-qm-v2
SoyGema/english-georgian
ronghua/opus-mt-en-zh
hilariooliveira/marian-finetuned-kde4-en-to-fr
Konic/marian-finetuned-kde4-en-to-fr
aarnow/marian-finetuned-kde4-en-to-fr
ayoubkirouane/Med_English2Spanish
aatherton2024/eng-nah-svo-translation
TalDeshe/autotrain-en-he-translation-89957144053
qianyu88/marian-finetuned-kde4-en-to-fr
Synthetica-AI/opus-mt-tc-big-el-en
Sheema/fr-en
wardis/autotrain-new-translation-90437144298
atwine/translation-en-lug-v2
hemanth11/marian-finetuned-kde4-en-to-fr
hemanth11/opus-mt-en-fr
Deepak7376/translation-en-to-hi-transformer
orgcatorg/nllb-200-distilled-600M-tl
Techiehill/Himagiri
hemanth11/opus-mt-en-hi
Normal1919/Marian-NMT-en-zh-lil-fine-tune
language-ml-lab/translation-azb-fa
gtxygyzb/marian-finetuned-kde4-en-to-fr
ShinDC/marian-finetuned-kde4-en-to-fr
orgcatorg/nllb-200-distilled-600M-my
PushkarA07/marian-finetuned-kde4-en-to-fr
japanese-denim/mbart-50-finetuned-naga-to-eng
kazandaev/m2m100_1.2B
haruyuu/MarianMT_zh-vi_Expanded_Vocab
haruyuu/viT5_han-vie_v1.0
mbazaNLP/Quantized_Nllb_Finetuned_Edu_En_Kin_8bit
jkv53/marian-finetuned-kde4-en-to-fr
haruyuu/viT5_han-vie_v1.1
j-arkes/byt5-small-gos-nld
j-arkes/byt5-small-nld-gos
lidiapierre/marian-finetuned-kde4-en-to-fr
slone/nllb-rus-tyv-v1
slone/nllb-rus-tyv-v2-extvoc
anamul519/Apache
Kiwihead15/marian-finetuned-kde4-en-to-fr
kazandaev/m2m100_418M
Varosa/mbart-large-onnx
cccastaneda/marian-finetuned-kde4-en-to-fr
Sguzman4532/marian-finetuned-kde4-en-to-fr
Miguelanruiz/marian-finetuned-kde4-es-to-it
Miguelanruiz/marian-finetuned-kde4-en-to-fr
NLP-LasmarMotas/marian-finetuned-kde4-en-to-es
kazandaev/m2m100_418M-finetuned-en-ru
Varosa/m2m100-onnx
mbazaNLP/Quantized_Nllb_Finetuned_Tourism_En_Kin_8bit
lesterca/autotrain-test_drug_5-94896146219
mhdiop/marian-finetuned-slicer-fr-to-en
TSjB/NLLB-201-600M-QM-V1
HamdanXI/t5_small_aslg_pc12
HamdanXI/t5_small_gloss_merged_dataset_random_0.1
HamdanXI/t5_small_gloss_merged_dataset
guydebruyn/marian-finetuned-kde4-en-to-fr
HamdanXI/t5_small_gloss_merged_dataset_adj_adv
Mint1456/minhle-finetuned-NLP-en-to-vi
claudiatang/flan-t5-base-eng-hwp
lingvanex/lingvanex-mt-en-ku
Jen09/Jen
AiresPucrs/GRU-eng-por
NghiemAbe/llama2-3000
SalomonMetre13/nnd_fr_mt
Normal1919/mbart-large-50-one-to-many-lil-fine-tune
kaitchup/Llama-2-7b-mt-Czech-to-English
kaitchup/Llama-2-7b-mt-Danish-to-English
kaitchup/Llama-2-7b-mt-German-to-English
kaitchup/Llama-2-7b-mt-French-to-English
kaitchup/Llama-2-7b-mt-Italian-to-English
kaitchup/Llama-2-7b-mt-Indonesian-to-English
kaitchup/Llama-2-7b-mt-Vietnamese-to-English
kaitchup/Llama-2-7b-mt-Swedish-to-English
kaitchup/Llama-2-7b-mt-Norwegian-to-English
kaitchup/Llama-2-7b-mt-Dutch-to-English
schubertcarvalho/marian-finetuned-kde4-en-to-fr
XO-Appleton/opus-mt-zh-en-finetuned
squarelike/Gugugo-koen-7B-V1.1
basso4/marian-finetuned-kde4-en-to-fr
basso4/basso4-finetuned-kde4-en-to-vi
basso4/model_machine_translation_en_to_vi
basso4/50_epoch_model_machine_translation_en_to_vi_ver4
squarelike/Gugugo-koen-7B-V1.1-GPTQ
basso4/translation_model_eng_to_vie_10_epoch
raedfesesi/autotrain-i2i-translate-en-ar-97925146952
Shiva26/marian-finetuned-iitb-en-to-hi
webbigdata/ALMA-7B-Ja-V2-GPTQ-Ja-En
KomorebiAI/nllb-200-3.3B-ct2
KomorebiAI/nllb-200-3.3B-float16-ct2
KomorebiAI/nllb-200-3.3B-int8-ct2
KomorebiAI/nllb-200-1.3B-float16-ct2
KomorebiAI/nllb-200-1.3B-ct2
KomorebiAI/nllb-200-1.3B-int8-ct2
Suraj-Yadav/finetuned-kde4-en-to-hi
squarelike/Gugugo-koen-7B-V1.1-AWQ
lmg-anon/TLAssist-llama2-7b-experiment-qlora
kaitchup/Llama-2-7b-mt-Finnish-to-English
hitloop/indic_trans2
mango12/fighter
jbochi/madlad400-7b-mt
phantatbach/marian-finetuned-kde4-en-to-fr-accelerate
marialcasimiro/tatoeba-opus-2021-02-22-fra-eng
MajkelDcember/marian-finetuned-kde4-en-to-fr
HaiderSultanArc/t5-small-english-to-urdu
phantatbach/marian-finetuned-kde4-en-to-fr
WJK233/marian-finetuned-kde4-en-to-fr
marialcasimiro/tatoeba-opus-2021-02-22-eng-fra
SalomonMetre13/nnd_fr_mt_v2
laura0000/marian-finetuned-kde4-en-to-fr
matekadlicsko/opus-mt-hu-en-finetuned-telex-news
matekadlicsko/opus-mt-tc-big-hu-en-finetuned-telex-news
ashercn97/english-hebrew-translation
aboli-marathe/t5_finetuned
aboli-marathe/flan_t5_finetuned
aboli-marathe/mt5smol_finetuned
aboli-marathe/flan_t5_3185BLEU
aboli-marathe/flan_ta
aboli-marathe/flan_te
aboli-marathe/flan_tu
aboli-marathe/flan_ta_26
aboli-marathe/flan_te_34
aboli-marathe/flan_tu_8
aboli-marathe/indic_bart_new
aboli-marathe/hingflow_new
aboli-marathe/nllb
aboli-marathe/mt5_sanskrit_45
aboli-marathe/mt5_sanskrit_49
aghorbani/opus-mt-tc-big-ar-en
aboli-marathe/mt5_sanskrit_58
Demosthene-OR/t5-small-finetuned-en-to-fr
aboli-marathe/mt5_sanskrit_latest
aboli-marathe/mt5_sanskrit_60
aboli-marathe/mt5_sanskrit_latest_new
Demosthene-OR/t5-base-finetuned-en-to-fr
SalomonMetre13/nnd_fr_mt_v3
aboli-marathe/bart_mal_4
japanese-denim/mbart-50-finetuned-eng-to-naga
japanese-denim/mbart-50-finetuned-eng-to-naga-version-2
indiejoseph/bart-translation-zh-yue
japanese-denim/m2m-finetuned-eng-to-naga
japanese-denim/m2m-finetuned-eng-to-naga-version-1
japanese-denim/nllb-finetuned-eng-to-naga
trungnguyentran/t5-base-en2vi
japanese-denim/m2m-finetuned-naga-to-eng
japanese-denim/m2m-finetuned-naga-to-eng-version-1
japanese-denim/nllb-finetuned-naga-to-eng
lmg-anon/vntl-7b-v0.1-qlora
Mk66/Mkf87M
slone/nllb-pruned-6L-512d-finetuned
RedDev/nllb-deu-tok-v1
spokkazo/marian-finetuned-kde4-en-to-fr
OMazzuzi90/Ita2Sql
seyoungsong/flores101_mm100_175M
Areeb123/En-Fr_Translation_Model
yovelcohen1/subline1
google/madlad400-7b-mt
google/madlad400-7b-mt-bt
engineerkhan/marian-finetuned-kde4-en-to-fr
ai4bharat/indictrans2-indic-indic-1B
ai4bharat/indictrans2-indic-indic-dist-320M
orgcatorg/nllb-200-distilled-600M-vi
orgcatorg/nllb-200-distilled-600M-hi
OpenNMT/nllb-200-distilled-1.3B-ct2-int8
Shayawn/marian-finetuned-kde4-en-to-fr
OpenNMT/nllb-200-3.3B-ct2-int8
Mamadou2727/Feriji_model
buddhist-nlp/mitra-mnt-zh-en
werikcyano/marian-finetuned-kde4-en-to-fr
Ahmed107/nllb200-ar-en-v2
Omnia-S-Abdulnabi/fasee7-ar-en
hydrochii/marian-finetuned-kde4-en-to-fr
Omnia-S-Abdulnabi/faseeh
Raghavan/indictrans2-indic-en-dist-200M
Raghavan/indictrans2-en-indic-dist-200M
Ahmed107/fasee7
orgcatorg/nllb-200-distilled-600M-bn
Ahmed107/nllb200-ar-en_v8
zhijian12345/marian-finetuned-kde4-en-to-zh_CN
Ahmed107/nllb200-ar-en_v11
Ahmed107/nllb200-ar-en_v11.1
zaanind/nllb-ensi-v1
lenk12/KE-T5_finetuned_ko_to_en
zhaokunjzk/opus_finetuned_mt_zh_en
jaymanvirk/t5_base_fine_tuned_opus_books_en_de
jaymanvirk/t5_base_fine_tuned_synthetic_en_de
lenk12/opus-mt-ko-en-finetuned
dapooni/sorsolingo-mt-en-bsl
dapooni/sorsolingo-mt-bsl-en
dapooni/sorsolingo-mt-tl-bsl
dapooni/sorsolingo-mt-bsl-tl
youdiniplays/my_translation_model
lmg-anon/vntl-7b-v0.2-qlora
lenk12/ko_en_translation_9
SoraKang97/UXwriting-en-to-ko
zaanind/nllb-ensi-v1-tuning
lenk12/t5-small-ko-to-en
Nad1011/Viet-Laos-Translator
hieungo1410/NMT_LaVi
Eric01/marian-finetuned-kde4-en-to-fr
delayedkarma/marian-finetuned-kde4-en-to-fr
linqus/marian-finetuned-kde4-en-to-fr
Eric01/opus_mt_zh_en_fine_fune
akashgoel-id/OpenHathi-7B-English-to-Hinglish
ding-diri-ding-dong/opus-mt-ko-en
ding-diri-ding-dong/FinalProject_1218_t5-small
ding-diri-ding-dong/long-ke-t5-base-translation-aihub-ko2en
ding-diri-ding-dong/distilgpt2
ding-diri-ding-dong/bart-large
dmedhi/eng2french-t5-small
gyr66/machine_translation
ding-diri-ding-dong/t5-small
youdiniplays/filipinolingo
Anhptp/opus-mt-de-en-BDS-G1
Anhptp/opus-mt-en-de-BDS-G1
Anhptp/opus-mt-it-en-BDS-G1
Anhptp/opus-mt-en-it-BDS-G1
Anhptp/opus-mt-fr-en-BDS-G1
Anhptp/opus-mt-en-fr-BDS-G1
Anhptp/opus-mt-es-en-BDS-G1
Anhptp/opus-mt-en-es-BDS-G1
fubuki111/opus-mt-en-hi
hon9kon9ize/bart-translation-zh-yue-onnx
s4ouvik/multilingual_llm
